YEAR,MONTH,STATE,fatal_crashes,fatalities
1996,1,1,62,69
1996,1,2,4,5
1996,1,4,61,71
1996,1,5,37,41
1996,1,6,314,356
1996,1,8,29,37
1996,1,9,12,12
1996,1,10,7,7
1996,1,11,2,3
1996,1,12,205,227
1996,1,13,96,104
1996,1,15,12,13
1996,1,16,11,13
1996,1,17,93,106
1996,1,18,75,82
1996,1,19,25,28
1996,1,20,28,33
1996,1,21,58,69
1996,1,22,69,77
1996,1,23,10,10
1996,1,24,34,38
1996,1,25,21,21
1996,1,26,115,131
1996,1,27,25,31
1996,1,28,56,61
1996,1,29,70,79
1996,1,30,13,14
1996,1,31,15,20
1996,1,32,25,26
1996,1,33,7,7
1996,1,34,36,36
1996,1,35,28,34
1996,1,36,87,95
1996,1,37,89,101
1996,1,38,1,1
1996,1,39,73,82
1996,1,40,40,44
1996,1,41,35,42
1996,1,42,79,84
1996,1,44,4,4
1996,1,45,55,58
1996,1,46,8,11
1996,1,47,78,88
1996,1,48,244,286
1996,1,49,22,24
1996,1,50,9,10
1996,1,51,65,68
1996,1,53,43,47
1996,1,54,20,20
1996,1,55,54,58
1996,1,56,4,5
1996,2,1,82,89
1996,2,2,3,3
1996,2,4,58,66
1996,2,5,37,39
1996,2,6,269,286
1996,2,8,41,55
1996,2,9,18,19
1996,2,10,11,11
1996,2,11,5,5
1996,2,12,224,257
1996,2,13,102,115
1996,2,15,11,14
1996,2,16,9,10
1996,2,17,107,115
1996,2,18,65,68
1996,2,19,19,23
1996,2,20,25,25
1996,2,21,39,41
1996,2,22,56,58
1996,2,23,7,8
1996,2,24,39,41
1996,2,25,24,30
1996,2,26,91,98
1996,2,27,26,32
1996,2,28,49,52
1996,2,29,59,63
1996,2,30,9,9
1996,2,31,11,11
1996,2,32,23,24
1996,2,33,16,16
1996,2,34,56,60
1996,2,35,29,32
1996,2,36,96,102
1996,2,37,92,101
1996,2,38,4,5
1996,2,39,76,85
1996,2,40,43,48
1996,2,41,39,42
1996,2,42,89,93
1996,2,44,2,2
1996,2,45,59,70
1996,2,46,4,6
1996,2,47,59,66
1996,2,48,214,256
1996,2,49,8,8
1996,2,50,7,9
1996,2,51,50,53
1996,2,53,41,43
1996,2,54,25,26
1996,2,55,35,45
1996,2,56,9,10
1996,3,1,72,86
1996,3,2,4,4
1996,3,4,77,89
1996,3,5,37,43
1996,3,6,304,342
1996,3,8,33,34
1996,3,9,19,19
1996,3,10,5,7
1996,3,11,3,3
1996,3,12,236,259
1996,3,13,113,128
1996,3,15,12,12
1996,3,16,7,8
1996,3,17,113,131
1996,3,18,62,66
1996,3,19,29,33
1996,3,20,30,31
1996,3,21,62,75
1996,3,22,76,86
1996,3,23,14,15
1996,3,24,46,49
1996,3,25,29,30
1996,3,26,94,103
1996,3,27,35,36
1996,3,28,58,68
1996,3,29,80,95
1996,3,30,10,10
1996,3,31,19,28
1996,3,32,24,27
1996,3,33,3,3
1996,3,34,41,42
1996,3,35,31,36
1996,3,36,89,97
1996,3,37,93,107
1996,3,38,3,3
1996,3,39,92,103
1996,3,40,59,68
1996,3,41,38,43
1996,3,42,105,113
1996,3,44,6,7
1996,3,45,54,58
1996,3,46,11,17
1996,3,47,94,109
1996,3,48,267,308
1996,3,49,25,31
1996,3,50,3,3
1996,3,51,48,54
1996,3,53,52,59
1996,3,54,26,29
1996,3,55,40,46
1996,3,56,3,4
1996,4,1,77,84
1996,4,2,5,5
1996,4,4,75,90
1996,4,5,41,49
1996,4,6,266,298
1996,4,8,44,46
1996,4,9,24,26
1996,4,10,12,13
1996,4,11,7,7
1996,4,12,221,241
1996,4,13,105,128
1996,4,15,9,9
1996,4,16,19,22
1996,4,17,88,97
1996,4,18,57,66
1996,4,19,35,37
1996,4,20,39,41
1996,4,21,65,71
1996,4,22,74,85
1996,4,23,8,9
1996,4,24,46,49
1996,4,25,25,26
1996,4,26,93,98
1996,4,27,39,46
1996,4,28,42,53
1996,4,29,86,102
1996,4,30,14,18
1996,4,31,19,21
1996,4,32,36,40
1996,4,33,9,10
1996,4,34,63,71
1996,4,35,26,28
1996,4,36,97,109
1996,4,37,96,111
1996,4,38,4,4
1996,4,39,106,120
1996,4,40,46,57
1996,4,41,31,33
1996,4,42,121,132
1996,4,44,4,4
1996,4,45,66,72
1996,4,46,7,9
1996,4,47,99,112
1996,4,48,260,301
1996,4,49,21,21
1996,4,50,5,5
1996,4,51,59,67
1996,4,53,52,58
1996,4,54,23,23
1996,4,55,45,51
1996,4,56,8,9
1996,5,1,83,96
1996,5,2,6,7
1996,5,4,64,75
1996,5,5,43,48
1996,5,6,309,347
1996,5,8,41,45
1996,5,9,27,28
1996,5,10,12,14
1996,5,11,5,5
1996,5,12,197,217
1996,5,13,111,121
1996,5,15,13,15
1996,5,16,19,20
1996,5,17,92,100
1996,5,18,79,83
1996,5,19,21,23
1996,5,20,51,56
1996,5,21,61,67
1996,5,22,88,98
1996,5,23,14,16
1996,5,24,39,46
1996,5,25,31,33
1996,5,26,113,128
1996,5,27,37,44
1996,5,28,63,76
1996,5,29,69,79
1996,5,30,8,8
1996,5,31,23,25
1996,5,32,23,26
1996,5,33,7,7
1996,5,34,54,59
1996,5,35,35,39
1996,5,36,123,135
1996,5,37,124,140
1996,5,38,4,4
1996,5,39,94,104
1996,5,40,70,81
1996,5,41,31,35
1996,5,42,104,111
1996,5,44,4,5
1996,5,45,60,65
1996,5,46,10,13
1996,5,47,101,113
1996,5,48,281,331
1996,5,49,22,23
1996,5,50,4,4
1996,5,51,79,85
1996,5,53,40,45
1996,5,54,33,36
1996,5,55,52,52
1996,5,56,10,14
1996,6,1,97,103
1996,6,2,9,12
1996,6,4,70,77
1996,6,5,58,64
1996,6,6,303,343
1996,6,8,53,57
1996,6,9,32,32
1996,6,10,9,9
1996,6,11,4,4
1996,6,12,177,195
1996,6,13,114,132
1996,6,15,16,17
1996,6,16,38,42
1996,6,17,125,152
1996,6,18,77,88
1996,6,19,43,48
1996,6,20,37,44
1996,6,21,49,59
1996,6,22,65,73
1996,6,23,13,14
1996,6,24,48,51
1996,6,25,32,38
1996,6,26,109,135
1996,6,27,42,52
1996,6,28,63,76
1996,6,29,82,91
1996,6,30,19,21
1996,6,31,25,33
1996,6,32,26,26
1996,6,33,15,17
1996,6,34,79,86
1996,6,35,49,57
1996,6,36,145,161
1996,6,37,124,145
1996,6,38,12,13
1996,6,39,147,160
1996,6,40,61,71
1996,6,41,41,48
1996,6,42,124,132
1996,6,44,6,6
1996,6,45,76,85
1996,6,46,20,24
1996,6,47,108,113
1996,6,48,276,314
1996,6,49,32,34
1996,6,50,8,8
1996,6,51,79,84
1996,6,53,67,69
1996,6,54,29,36
1996,6,55,53,61
1996,6,56,13,14
1996,7,1,79,83
1996,7,2,8,9
1996,7,4,74,89
1996,7,5,52,56
1996,7,6,292,329
1996,7,8,68,72
1996,7,9,30,33
1996,7,10,5,5
1996,7,11,4,5
1996,7,12,180,201
1996,7,13,125,133
1996,7,15,17,18
1996,7,16,28,30
1996,7,17,120,137
1996,7,18,93,110
1996,7,19,38,45
1996,7,20,37,43
1996,7,21,57,68
1996,7,22,56,60
1996,7,23,17,18
1996,7,24,36,40
1996,7,25,44,44
1996,7,26,129,146
1996,7,27,52,62
1996,7,28,54,56
1996,7,29,97,113
1996,7,30,24,28
1996,7,31,20,26
1996,7,32,23,28
1996,7,33,12,13
1996,7,34,57,66
1996,7,35,29,36
1996,7,36,125,137
1996,7,37,103,110
1996,7,38,10,11
1996,7,39,106,112
1996,7,40,60,69
1996,7,41,39,50
1996,7,42,96,107
1996,7,44,3,4
1996,7,45,72,91
1996,7,46,15,19
1996,7,47,87,100
1996,7,48,272,308
1996,7,49,24,27
1996,7,50,11,15
1996,7,51,63,66
1996,7,53,66,72
1996,7,54,28,30
1996,7,55,59,69
1996,7,56,17,19
1996,8,1,90,100
1996,8,2,11,12
1996,8,4,80,93
1996,8,5,42,48
1996,8,6,322,352
1996,8,8,60,67
1996,8,9,31,36
1996,8,10,7,7
1996,8,11,6,6
1996,8,12,194,216
1996,8,13,131,146
1996,8,15,9,12
1996,8,16,22,24
1996,8,17,142,158
1996,8,18,93,109
1996,8,19,35,40
1996,8,20,38,40
1996,8,21,69,91
1996,8,22,54,66
1996,8,23,17,19
1996,8,24,59,65
1996,8,25,30,34
1996,8,26,105,121
1996,8,27,70,76
1996,8,28,54,63
1996,8,29,116,133
1996,8,30,23,24
1996,8,31,21,24
1996,8,32,28,29
1996,8,33,17,19
1996,8,34,67,69
1996,8,35,44,49
1996,8,36,149,171
1996,8,37,114,138
1996,8,38,12,13
1996,8,39,108,124
1996,8,40,51,60
1996,8,41,45,53
1996,8,42,127,142
1996,8,44,5,5
1996,8,45,72,82
1996,8,46,22,24
1996,8,47,99,108
1996,8,48,290,337
1996,8,49,40,42
1996,8,50,6,6
1996,8,51,71,77
1996,8,53,68,74
1996,8,54,31,34
1996,8,55,74,85
1996,8,56,16,18
1996,9,1,74,87
1996,9,2,3,3
1996,9,4,59,71
1996,9,5,40,49
1996,9,6,293,325
1996,9,8,50,56
1996,9,9,26,27
1996,9,10,8,9
1996,9,11,8,8
1996,9,12,171,184
1996,9,13,128,148
1996,9,15,9,12
1996,9,16,19,23
1996,9,17,128,141
1996,9,18,72,81
1996,9,19,37,42
1996,9,20,30,33
1996,9,21,66,74
1996,9,22,63,68
1996,9,23,16,17
1996,9,24,39,43
1996,9,25,45,47
1996,9,26,125,138
1996,9,27,60,69
1996,9,28,65,81
1996,9,29,94,108
1996,9,30,22,27
1996,9,31,18,24
1996,9,32,31,39
1996,9,33,8,8
1996,9,34,76,82
1996,9,35,38,50
1996,9,36,124,129
1996,9,37,109,117
1996,9,38,6,6
1996,9,39,124,144
1996,9,40,50,59
1996,9,41,40,45
1996,9,42,118,133
1996,9,44,6,6
1996,9,45,81,91
1996,9,46,11,12
1996,9,47,104,112
1996,9,48,234,271
1996,9,49,23,29
1996,9,50,8,14
1996,9,51,84,95
1996,9,53,57,71
1996,9,54,22,22
1996,9,55,59,75
1996,9,56,13,18
1996,10,1,106,117
1996,10,2,7,8
1996,10,4,78,90
1996,10,5,54,61
1996,10,6,311,330
1996,10,8,54,56
1996,10,9,26,26
1996,10,10,4,4
1996,10,11,5,5
1996,10,12,224,240
1996,10,13,132,151
1996,10,15,4,4
1996,10,16,23,26
1996,10,17,108,116
1996,10,18,76,86
1996,10,19,48,56
1996,10,20,38,43
1996,10,21,66,69
1996,10,22,58,61
1996,10,23,13,13
1996,10,24,65,68
1996,10,25,48,50
1996,10,26,123,135
1996,10,27,49,53
1996,10,28,70,80
1996,10,29,84,95
1996,10,30,11,12
1996,10,31,28,31
1996,10,32,28,30
1996,10,33,12,13
1996,10,34,71,76
1996,10,35,35,38
1996,10,36,136,143
1996,10,37,149,161
1996,10,38,16,17
1996,10,39,119,135
1996,10,40,66,81
1996,10,41,49,51
1996,10,42,113,121
1996,10,44,9,9
1996,10,45,65,75
1996,10,46,18,22
1996,10,47,115,127
1996,10,48,311,342
1996,10,49,22,26
1996,10,50,5,6
1996,10,51,85,90
1996,10,53,57,63
1996,10,54,25,28
1996,10,55,52,58
1996,10,56,13,17
1996,11,1,113,133
1996,11,2,8,8
1996,11,4,87,97
1996,11,5,43,45
1996,11,6,303,349
1996,11,8,43,49
1996,11,9,31,31
1996,11,10,14,18
1996,11,11,6,7
1996,11,12,221,246
1996,11,13,130,146
1996,11,15,11,11
1996,11,16,15,17
1996,11,17,96,107
1996,11,18,58,69
1996,11,19,44,48
1996,11,20,46,50
1996,11,21,71,77
1996,11,22,79,90
1996,11,23,10,12
1996,11,24,57,64
1996,11,25,37,38
1996,11,26,118,136
1996,11,27,31,34
1996,11,28,75,87
1996,11,29,68,73
1996,11,30,14,16
1996,11,31,22,30
1996,11,32,26,27
1996,11,33,11,13
1996,11,34,68,77
1996,11,35,31,36
1996,11,36,132,160
1996,11,37,118,131
1996,11,38,4,4
1996,11,39,102,113
1996,11,40,64,67
1996,11,41,40,46
1996,11,42,147,164
1996,11,44,6,7
1996,11,45,78,88
1996,11,46,11,12
1996,11,47,93,101
1996,11,48,297,342
1996,11,49,25,29
1996,11,50,3,3
1996,11,51,60,67
1996,11,53,50,55
1996,11,54,36,37
1996,11,55,71,84
1996,11,56,10,10
1996,12,1,89,99
1996,12,2,4,5
1996,12,4,74,86
1996,12,5,55,72
1996,12,6,290,332
1996,12,8,39,43
1996,12,9,20,21
1996,12,10,11,12
1996,12,11,3,4
1996,12,12,246,270
1996,12,13,115,121
1996,12,15,11,11
1996,12,16,18,23
1996,12,17,100,117
1996,12,18,65,76
1996,12,19,37,42
1996,12,20,43,51
1996,12,21,71,81
1996,12,22,69,80
1996,12,23,18,18
1996,12,24,50,54
1996,12,25,26,26
1996,12,26,124,136
1996,12,27,37,41
1996,12,28,46,58
1996,12,29,101,117
1996,12,30,12,13
1996,12,31,19,20
1996,12,32,22,26
1996,12,33,8,8
1996,12,34,86,90
1996,12,35,41,50
1996,12,36,147,154
1996,12,37,118,132
1996,12,38,4,4
1996,12,39,97,109
1996,12,40,60,67
1996,12,41,34,38
1996,12,42,130,137
1996,12,44,10,10
1996,12,45,83,95
1996,12,46,5,6
1996,12,47,83,90
1996,12,48,303,346
1996,12,49,20,27
1996,12,50,5,5
1996,12,51,66,71
1996,12,53,50,56
1996,12,54,23,27
1996,12,55,64,77
1996,12,56,5,5
1997,1,1,67,72
1997,1,2,5,5
1997,1,4,70,75
1997,1,5,40,46
1997,1,6,226,245
1997,1,8,34,38
1997,1,9,27,29
1997,1,10,11,14
1997,1,11,6,6
1997,1,12,219,247
1997,1,13,115,120
1997,1,15,7,12
1997,1,16,16,23
1997,1,17,92,101
1997,1,18,58,65
1997,1,19,28,36
1997,1,20,38,42
1997,1,21,58,63
1997,1,22,55,61
1997,1,23,18,19
1997,1,24,41,48
1997,1,25,38,38
1997,1,26,89,102
1997,1,27,33,35
1997,1,28,46,50
1997,1,29,72,79
1997,1,30,8,10
1997,1,31,18,22
1997,1,32,31,31
1997,1,33,5,6
1997,1,34,67,70
1997,1,35,26,28
1997,1,36,123,128
1997,1,37,109,122
1997,1,38,4,8
1997,1,39,109,129
1997,1,40,47,49
1997,1,41,43,48
1997,1,42,117,132
1997,1,44,12,13
1997,1,45,64,70
1997,1,46,10,17
1997,1,47,72,78
1997,1,48,266,311
1997,1,49,17,19
1997,1,50,11,11
1997,1,51,68,70
1997,1,53,48,54
1997,1,54,22,26
1997,1,55,47,51
1997,1,56,5,9
1997,2,1,91,101
1997,2,2,2,2
1997,2,4,60,63
1997,2,5,30,34
1997,2,6,250,267
1997,2,8,39,50
1997,2,9,25,25
1997,2,10,9,10
1997,2,11,5,6
1997,2,12,203,217
1997,2,13,111,124
1997,2,15,11,11
1997,2,16,11,11
1997,2,17,90,99
1997,2,18,35,39
1997,2,19,27,27
1997,2,20,28,32
1997,2,21,40,46
1997,2,22,64,69
1997,2,23,14,16
1997,2,24,34,38
1997,2,25,26,29
1997,2,26,87,106
1997,2,27,31,41
1997,2,28,44,50
1997,2,29,46,53
1997,2,30,8,9
1997,2,31,11,13
1997,2,32,16,18
1997,2,33,5,5
1997,2,34,46,51
1997,2,35,32,37
1997,2,36,100,111
1997,2,37,70,77
1997,2,38,4,5
1997,2,39,87,109
1997,2,40,50,55
1997,2,41,27,29
1997,2,42,106,116
1997,2,44,4,4
1997,2,45,39,41
1997,2,46,6,7
1997,2,47,62,66
1997,2,48,211,237
1997,2,49,26,34
1997,2,50,7,7
1997,2,51,61,67
1997,2,53,40,45
1997,2,54,24,25
1997,2,55,39,50
1997,2,56,5,6
1997,3,1,86,97
1997,3,2,6,6
1997,3,4,75,86
1997,3,5,42,54
1997,3,6,274,295
1997,3,8,33,37
1997,3,9,15,16
1997,3,10,9,11
1997,3,11,2,2
1997,3,12,256,272
1997,3,13,113,125
1997,3,15,13,17
1997,3,16,13,15
1997,3,17,87,93
1997,3,18,50,54
1997,3,19,25,27
1997,3,20,26,29
1997,3,21,48,50
1997,3,22,73,84
1997,3,23,11,14
1997,3,24,43,46
1997,3,25,24,26
1997,3,26,80,85
1997,3,27,23,29
1997,3,28,54,66
1997,3,29,75,89
1997,3,30,12,15
1997,3,31,19,20
1997,3,32,16,19
1997,3,33,3,3
1997,3,34,58,65
1997,3,35,30,39
1997,3,36,100,108
1997,3,37,114,121
1997,3,38,4,5
1997,3,39,72,87
1997,3,40,48,62
1997,3,41,29,34
1997,3,42,101,110
1997,3,44,4,4
1997,3,45,63,64
1997,3,46,3,3
1997,3,47,83,92
1997,3,48,245,279
1997,3,49,20,23
1997,3,50,2,2
1997,3,51,78,87
1997,3,53,41,47
1997,3,54,25,27
1997,3,55,33,36
1997,3,56,5,6
1997,4,1,85,94
1997,4,2,2,2
1997,4,4,54,58
1997,4,5,51,60
1997,4,6,239,250
1997,4,8,36,40
1997,4,9,29,29
1997,4,10,8,10
1997,4,11,2,2
1997,4,12,226,246
1997,4,13,128,146
1997,4,15,6,6
1997,4,16,14,17
1997,4,17,94,98
1997,4,18,71,80
1997,4,19,30,39
1997,4,20,28,32
1997,4,21,57,62
1997,4,22,63,70
1997,4,23,9,10
1997,4,24,53,55
1997,4,25,26,27
1997,4,26,72,80
1997,4,27,44,50
1997,4,28,60,72
1997,4,29,63,71
1997,4,30,9,15
1997,4,31,16,17
1997,4,32,35,37
1997,4,33,9,9
1997,4,34,45,51
1997,4,35,23,28
1997,4,36,121,133
1997,4,37,105,129
1997,4,38,1,1
1997,4,39,97,108
1997,4,40,50,62
1997,4,41,42,46
1997,4,42,100,109
1997,4,44,6,6
1997,4,45,66,75
1997,4,46,8,8
1997,4,47,106,126
1997,4,48,215,244
1997,4,49,19,20
1997,4,50,4,5
1997,4,51,86,93
1997,4,53,36,41
1997,4,54,29,37
1997,4,55,40,48
1997,4,56,9,11
1997,5,1,106,126
1997,5,2,10,12
1997,5,4,66,78
1997,5,5,61,67
1997,5,6,312,367
1997,5,8,44,49
1997,5,9,23,25
1997,5,10,7,7
1997,5,11,7,7
1997,5,12,209,236
1997,5,13,121,136
1997,5,15,9,10
1997,5,16,20,22
1997,5,17,123,138
1997,5,18,68,77
1997,5,19,36,37
1997,5,20,33,36
1997,5,21,64,71
1997,5,22,84,91
1997,5,23,13,15
1997,5,24,48,54
1997,5,25,40,42
1997,5,26,114,128
1997,5,27,44,51
1997,5,28,77,87
1997,5,29,109,125
1997,5,30,21,23
1997,5,31,23,28
1997,5,32,28,32
1997,5,33,15,16
1997,5,34,72,76
1997,5,35,38,50
1997,5,36,120,138
1997,5,37,124,141
1997,5,38,5,5
1997,5,39,105,111
1997,5,40,72,89
1997,5,41,39,44
1997,5,42,113,119
1997,5,44,5,5
1997,5,45,78,92
1997,5,46,7,7
1997,5,47,111,125
1997,5,48,286,323
1997,5,49,25,31
1997,5,50,9,9
1997,5,51,79,86
1997,5,53,36,39
1997,5,54,25,26
1997,5,55,55,64
1997,5,56,12,13
1997,6,1,88,100
1997,6,2,13,18
1997,6,4,58,66
1997,6,5,44,56
1997,6,6,259,307
1997,6,8,56,65
1997,6,9,25,27
1997,6,10,5,5
1997,6,11,7,7
1997,6,12,173,195
1997,6,13,122,135
1997,6,15,9,9
1997,6,16,19,22
1997,6,17,123,143
1997,6,18,82,91
1997,6,19,41,45
1997,6,20,40,47
1997,6,21,53,55
1997,6,22,65,69
1997,6,23,12,12
1997,6,24,50,51
1997,6,25,45,49
1997,6,26,125,140
1997,6,27,50,55
1997,6,28,59,65
1997,6,29,100,120
1997,6,30,23,27
1997,6,31,17,17
1997,6,32,32,33
1997,6,33,16,16
1997,6,34,71,83
1997,6,35,38,44
1997,6,36,139,149
1997,6,37,105,118
1997,6,38,8,14
1997,6,39,130,144
1997,6,40,66,79
1997,6,41,46,52
1997,6,42,114,127
1997,6,44,7,7
1997,6,45,64,70
1997,6,46,11,11
1997,6,47,98,104
1997,6,48,287,317
1997,6,49,30,37
1997,6,50,5,8
1997,6,51,67,71
1997,6,53,44,52
1997,6,54,30,34
1997,6,55,55,63
1997,6,56,9,9
1997,7,1,91,104
1997,7,2,2,2
1997,7,4,67,77
1997,7,5,51,56
1997,7,6,260,307
1997,7,8,54,67
1997,7,9,31,32
1997,7,10,13,21
1997,7,11,3,3
1997,7,12,206,229
1997,7,13,128,150
1997,7,15,18,21
1997,7,16,26,35
1997,7,17,126,135
1997,7,18,74,85
1997,7,19,34,40
1997,7,20,36,42
1997,7,21,70,79
1997,7,22,69,78
1997,7,23,12,13
1997,7,24,53,58
1997,7,25,34,35
1997,7,26,137,166
1997,7,27,42,49
1997,7,28,50,62
1997,7,29,109,126
1997,7,30,27,30
1997,7,31,22,23
1997,7,32,27,29
1997,7,33,11,12
1997,7,34,61,72
1997,7,35,36,45
1997,7,36,158,172
1997,7,37,108,132
1997,7,38,12,13
1997,7,39,135,152
1997,7,40,65,72
1997,7,41,42,48
1997,7,42,136,146
1997,7,44,8,9
1997,7,45,64,72
1997,7,46,16,18
1997,7,47,108,125
1997,7,48,262,308
1997,7,49,31,38
1997,7,50,11,11
1997,7,51,80,95
1997,7,53,61,70
1997,7,54,38,44
1997,7,55,60,67
1997,7,56,14,16
1997,8,1,98,106
1997,8,2,12,12
1997,8,4,82,100
1997,8,5,57,73
1997,8,6,319,362
1997,8,8,49,58
1997,8,9,29,33
1997,8,10,13,13
1997,8,11,4,4
1997,8,12,199,227
1997,8,13,113,134
1997,8,15,10,10
1997,8,16,33,38
1997,8,17,124,134
1997,8,18,92,101
1997,8,19,41,44
1997,8,20,31,38
1997,8,21,74,78
1997,8,22,57,60
1997,8,23,22,26
1997,8,24,45,49
1997,8,25,33,33
1997,8,26,123,130
1997,8,27,61,66
1997,8,28,78,91
1997,8,29,89,103
1997,8,30,32,44
1997,8,31,31,33
1997,8,32,19,23
1997,8,33,14,15
1997,8,34,50,56
1997,8,35,42,56
1997,8,36,155,173
1997,8,37,121,140
1997,8,38,9,10
1997,8,39,124,142
1997,8,40,71,87
1997,8,41,51,64
1997,8,42,129,147
1997,8,44,3,8
1997,8,45,76,90
1997,8,46,20,23
1997,8,47,109,119
1997,8,48,283,313
1997,8,49,33,37
1997,8,50,9,9
1997,8,51,77,90
1997,8,53,77,91
1997,8,54,29,30
1997,8,55,67,73
1997,8,56,19,23
1997,9,1,78,90
1997,9,2,2,2
1997,9,4,79,90
1997,9,5,52,64
1997,9,6,289,327
1997,9,8,57,61
1997,9,9,34,39
1997,9,10,5,5
1997,9,11,6,8
1997,9,12,177,192
1997,9,13,116,132
1997,9,15,7,7
1997,9,16,20,24
1997,9,17,85,92
1997,9,18,77,85
1997,9,19,38,41
1997,9,20,33,35
1997,9,21,76,86
1997,9,22,68,83
1997,9,23,17,17
1997,9,24,55,56
1997,9,25,29,29
1997,9,26,114,128
1997,9,27,48,53
1997,9,28,67,80
1997,9,29,84,90
1997,9,30,23,28
1997,9,31,21,32
1997,9,32,24,27
1997,9,33,9,9
1997,9,34,56,61
1997,9,35,35,40
1997,9,36,115,123
1997,9,37,106,115
1997,9,38,13,13
1997,9,39,118,130
1997,9,40,67,73
1997,9,41,36,43
1997,9,42,98,112
1997,9,44,3,5
1997,9,45,57,70
1997,9,46,14,18
1997,9,47,86,91
1997,9,48,236,273
1997,9,49,35,37
1997,9,50,9,11
1997,9,51,72,79
1997,9,53,53,61
1997,9,54,30,31
1997,9,55,58,67
1997,9,56,4,5
1997,10,1,87,96
1997,10,2,5,7
1997,10,4,79,82
1997,10,5,37,44
1997,10,6,267,285
1997,10,8,43,48
1997,10,9,30,31
1997,10,10,16,17
1997,10,11,6,6
1997,10,12,207,223
1997,10,13,117,129
1997,10,15,10,10
1997,10,16,15,19
1997,10,17,118,140
1997,10,18,88,93
1997,10,19,35,40
1997,10,20,44,55
1997,10,21,83,93
1997,10,22,75,82
1997,10,23,21,23
1997,10,24,40,41
1997,10,25,44,47
1997,10,26,117,134
1997,10,27,54,60
1997,10,28,76,85
1997,10,29,92,106
1997,10,30,17,18
1997,10,31,27,31
1997,10,32,38,39
1997,10,33,16,17
1997,10,34,70,80
1997,10,35,40,45
1997,10,36,129,141
1997,10,37,117,132
1997,10,38,10,11
1997,10,39,122,136
1997,10,40,67,77
1997,10,41,37,40
1997,10,42,140,152
1997,10,44,6,6
1997,10,45,78,86
1997,10,46,10,10
1997,10,47,97,109
1997,10,48,274,320
1997,10,49,26,31
1997,10,50,7,8
1997,10,51,90,98
1997,10,53,53,61
1997,10,54,38,44
1997,10,55,50,53
1997,10,56,10,12
1997,11,1,81,98
1997,11,2,9,9
1997,11,4,82,90
1997,11,5,53,55
1997,11,6,293,354
1997,11,8,47,55
1997,11,9,19,21
1997,11,10,11,16
1997,11,11,5,5
1997,11,12,217,237
1997,11,13,107,119
1997,11,15,8,9
1997,11,16,18,18
1997,11,17,95,106
1997,11,18,71,78
1997,11,19,36,46
1997,11,20,33,37
1997,11,21,83,95
1997,11,22,79,93
1997,11,23,11,13
1997,11,24,55,56
1997,11,25,35,37
1997,11,26,112,125
1997,11,27,55,56
1997,11,28,63,76
1997,11,29,96,118
1997,11,30,31,33
1997,11,31,31,35
1997,11,32,27,28
1997,11,33,11,11
1997,11,34,50,52
1997,11,35,28,31
1997,11,36,128,141
1997,11,37,100,117
1997,11,38,11,12
1997,11,39,88,104
1997,11,40,57,61
1997,11,41,24,27
1997,11,42,117,129
1997,11,44,6,6
1997,11,45,71,82
1997,11,46,13,16
1997,11,47,94,105
1997,11,48,262,295
1997,11,49,21,26
1997,11,50,9,10
1997,11,51,76,80
1997,11,53,40,47
1997,11,54,25,28
1997,11,55,66,76
1997,11,56,13,14
1997,12,1,92,108
1997,12,4,74,86
1997,12,5,46,51
1997,12,6,291,322
1997,12,8,42,45
1997,12,9,28,32
1997,12,10,13,14
1997,12,11,4,4
1997,12,12,236,264
1997,12,13,114,127
1997,12,15,9,9
1997,12,16,15,15
1997,12,17,104,118
1997,12,18,80,87
1997,12,19,40,46
1997,12,20,50,57
1997,12,21,68,79
1997,12,22,79,91
1997,12,23,12,14
1997,12,24,54,59
1997,12,25,41,49
1997,12,26,113,122
1997,12,27,43,55
1997,12,28,67,77
1997,12,29,94,112
1997,12,30,12,13
1997,12,31,25,31
1997,12,32,29,31
1997,12,33,6,6
1997,12,34,54,58
1997,12,35,32,41
1997,12,36,122,135
1997,12,37,111,139
1997,12,38,8,8
1997,12,39,83,89
1997,12,40,61,72
1997,12,41,46,49
1997,12,42,141,158
1997,12,44,2,2
1997,12,45,78,91
1997,12,46,10,10
1997,12,47,78,85
1997,12,48,257,293
1997,12,49,26,33
1997,12,50,5,5
1997,12,51,66,68
1997,12,53,58,66
1997,12,54,28,29
1997,12,55,65,77
1997,12,56,12,13
1998,1,1,79,96
1998,1,2,2,2
1998,1,4,55,57
1998,1,5,41,46
1998,1,6,244,282
1998,1,8,34,39
1998,1,9,15,16
1998,1,10,6,9
1998,1,11,3,4
1998,1,12,230,257
1998,1,13,103,111
1998,1,15,8,8
1998,1,16,7,7
1998,1,17,88,100
1998,1,18,66,68
1998,1,19,29,31
1998,1,20,36,38
1998,1,21,56,63
1998,1,22,54,64
1998,1,23,9,9
1998,1,24,31,31
1998,1,25,30,30
1998,1,26,108,116
1998,1,27,34,39
1998,1,28,68,77
1998,1,29,82,85
1998,1,30,15,20
1998,1,31,18,21
1998,1,32,25,27
1998,1,33,8,9
1998,1,34,48,49
1998,1,35,32,37
1998,1,36,106,114
1998,1,37,94,102
1998,1,38,2,2
1998,1,39,90,99
1998,1,40,52,56
1998,1,41,41,44
1998,1,42,125,135
1998,1,44,5,5
1998,1,45,56,61
1998,1,46,10,12
1998,1,47,81,92
1998,1,48,239,259
1998,1,49,23,27
1998,1,50,4,5
1998,1,51,58,63
1998,1,53,38,45
1998,1,54,18,22
1998,1,55,47,50
1998,1,56,9,11
1998,2,1,75,77
1998,2,2,2,2
1998,2,4,66,69
1998,2,5,25,26
1998,2,6,234,272
1998,2,8,40,47
1998,2,9,21,22
1998,2,10,8,9
1998,2,11,6,7
1998,2,12,208,228
1998,2,13,106,118
1998,2,15,11,11
1998,2,16,14,17
1998,2,17,81,94
1998,2,18,56,65
1998,2,19,19,25
1998,2,20,25,27
1998,2,21,55,58
1998,2,22,57,64
1998,2,23,13,15
1998,2,24,38,42
1998,2,25,21,22
1998,2,26,66,71
1998,2,27,30,31
1998,2,28,56,64
1998,2,29,69,76
1998,2,30,9,9
1998,2,31,21,23
1998,2,32,20,22
1998,2,33,3,3
1998,2,34,41,43
1998,2,35,31,36
1998,2,36,104,113
1998,2,37,91,106
1998,2,38,4,4
1998,2,39,82,91
1998,2,40,35,39
1998,2,41,38,43
1998,2,42,87,101
1998,2,44,4,4
1998,2,45,62,68
1998,2,46,10,10
1998,2,47,66,74
1998,2,48,226,255
1998,2,49,21,23
1998,2,50,5,5
1998,2,51,63,72
1998,2,53,34,38
1998,2,54,19,19
1998,2,55,35,40
1998,2,56,6,7
1998,3,1,77,83
1998,3,2,3,4
1998,3,4,69,77
1998,3,5,39,47
1998,3,6,225,240
1998,3,8,35,39
1998,3,9,25,30
1998,3,10,6,6
1998,3,11,2,2
1998,3,12,205,224
1998,3,13,110,130
1998,3,15,7,8
1998,3,16,6,7
1998,3,17,73,80
1998,3,18,60,70
1998,3,19,18,23
1998,3,20,34,40
1998,3,21,55,60
1998,3,22,64,65
1998,3,23,15,16
1998,3,24,60,62
1998,3,25,22,24
1998,3,26,88,97
1998,3,27,38,43
1998,3,28,68,76
1998,3,29,85,94
1998,3,30,17,23
1998,3,31,18,22
1998,3,32,33,40
1998,3,33,9,9
1998,3,34,47,57
1998,3,35,31,35
1998,3,36,94,106
1998,3,37,83,94
1998,3,38,9,12
1998,3,39,88,96
1998,3,40,43,50
1998,3,41,30,31
1998,3,42,101,114
1998,3,44,6,6
1998,3,45,71,79
1998,3,46,7,8
1998,3,47,71,80
1998,3,48,259,300
1998,3,49,17,18
1998,3,50,3,8
1998,3,51,56,64
1998,3,53,54,60
1998,3,54,31,33
1998,3,55,36,46
1998,3,56,5,5
1998,4,1,69,80
1998,4,2,3,3
1998,4,4,62,66
1998,4,5,44,50
1998,4,6,224,239
1998,4,8,30,31
1998,4,9,18,21
1998,4,10,8,8
1998,4,11,4,4
1998,4,12,203,228
1998,4,13,97,110
1998,4,15,12,13
1998,4,16,24,27
1998,4,17,82,94
1998,4,18,66,71
1998,4,19,28,35
1998,4,20,29,33
1998,4,21,61,71
1998,4,22,64,76
1998,4,23,8,8
1998,4,24,43,47
1998,4,25,27,28
1998,4,26,82,91
1998,4,27,44,51
1998,4,28,62,69
1998,4,29,76,88
1998,4,30,18,19
1998,4,31,15,23
1998,4,32,20,21
1998,4,33,11,13
1998,4,34,42,48
1998,4,35,28,28
1998,4,36,99,106
1998,4,37,100,115
1998,4,38,5,6
1998,4,39,77,88
1998,4,40,59,71
1998,4,41,31,33
1998,4,42,89,96
1998,4,44,5,5
1998,4,45,80,89
1998,4,46,15,15
1998,4,47,103,112
1998,4,48,281,314
1998,4,49,21,24
1998,4,50,7,9
1998,4,51,69,76
1998,4,53,52,57
1998,4,54,30,30
1998,4,55,32,34
1998,4,56,7,8
1998,5,1,71,85
1998,5,2,6,6
1998,5,4,82,97
1998,5,5,55,71
1998,5,6,254,278
1998,5,8,52,57
1998,5,9,21,21
1998,5,10,8,9
1998,5,11,5,5
1998,5,12,235,263
1998,5,13,114,118
1998,5,15,9,10
1998,5,16,10,11
1998,5,17,108,123
1998,5,18,71,78
1998,5,19,32,40
1998,5,20,31,34
1998,5,21,77,88
1998,5,22,73,84
1998,5,23,15,18
1998,5,24,40,42
1998,5,25,34,36
1998,5,26,104,113
1998,5,27,45,51
1998,5,28,77,84
1998,5,29,61,70
1998,5,30,15,16
1998,5,31,20,24
1998,5,32,25,28
1998,5,33,8,8
1998,5,34,68,75
1998,5,35,37,40
1998,5,36,112,122
1998,5,37,106,112
1998,5,38,6,6
1998,5,39,108,124
1998,5,40,56,65
1998,5,41,45,47
1998,5,42,88,96
1998,5,44,8,8
1998,5,45,96,110
1998,5,46,10,11
1998,5,47,97,104
1998,5,48,273,316
1998,5,49,24,26
1998,5,50,9,11
1998,5,51,60,66
1998,5,53,49,50
1998,5,54,36,36
1998,5,55,54,62
1998,5,56,12,20
1998,6,1,85,94
1998,6,2,7,9
1998,6,4,80,89
1998,6,5,43,49
1998,6,6,256,292
1998,6,8,62,70
1998,6,9,28,30
1998,6,10,11,11
1998,6,11,6,8
1998,6,12,190,211
1998,6,13,131,150
1998,6,15,9,11
1998,6,16,23,29
1998,6,17,113,127
1998,6,18,73,88
1998,6,19,26,32
1998,6,20,44,48
1998,6,21,63,79
1998,6,22,73,88
1998,6,23,12,14
1998,6,24,41,49
1998,6,25,21,24
1998,6,26,97,120
1998,6,27,51,56
1998,6,28,75,79
1998,6,29,90,111
1998,6,30,15,16
1998,6,31,23,26
1998,6,32,35,40
1998,6,33,14,16
1998,6,34,65,71
1998,6,35,34,38
1998,6,36,104,113
1998,6,37,125,138
1998,6,38,4,4
1998,6,39,107,111
1998,6,40,60,70
1998,6,41,27,30
1998,6,42,99,113
1998,6,44,8,8
1998,6,45,85,92
1998,6,46,14,15
1998,6,47,102,114
1998,6,48,278,330
1998,6,49,24,29
1998,6,50,2,2
1998,6,51,69,87
1998,6,53,54,58
1998,6,54,25,26
1998,6,55,60,68
1998,6,56,11,12
1998,7,1,82,94
1998,7,2,7,7
1998,7,4,77,96
1998,7,5,67,75
1998,7,6,260,296
1998,7,8,41,46
1998,7,9,20,21
1998,7,10,6,6
1998,7,11,7,7
1998,7,12,210,239
1998,7,13,133,146
1998,7,15,7,7
1998,7,16,29,36
1998,7,17,124,148
1998,7,18,86,92
1998,7,19,44,49
1998,7,20,40,51
1998,7,21,72,86
1998,7,22,79,88
1998,7,23,26,28
1998,7,24,42,49
1998,7,25,44,49
1998,7,26,121,133
1998,7,27,60,70
1998,7,28,79,90
1998,7,29,108,118
1998,7,30,23,28
1998,7,31,19,19
1998,7,32,27,30
1998,7,33,9,9
1998,7,34,54,61
1998,7,35,34,40
1998,7,36,122,134
1998,7,37,147,162
1998,7,38,12,12
1998,7,39,116,124
1998,7,40,65,76
1998,7,41,54,64
1998,7,42,128,137
1998,7,44,11,12
1998,7,45,78,79
1998,7,46,16,18
1998,7,47,88,95
1998,7,48,302,346
1998,7,49,38,44
1998,7,50,8,8
1998,7,51,71,83
1998,7,53,62,71
1998,7,54,23,26
1998,7,55,60,66
1998,7,56,21,24
1998,8,1,80,88
1998,8,2,6,6
1998,8,4,77,91
1998,8,5,61,67
1998,8,6,328,375
1998,8,8,75,87
1998,8,9,44,49
1998,8,10,23,26
1998,8,11,6,6
1998,8,12,182,205
1998,8,13,123,144
1998,8,15,10,10
1998,8,16,31,39
1998,8,17,121,133
1998,8,18,80,91
1998,8,19,40,44
1998,8,20,45,48
1998,8,21,80,85
1998,8,22,64,83
1998,8,23,19,20
1998,8,24,49,57
1998,8,25,38,42
1998,8,26,106,116
1998,8,27,55,63
1998,8,28,76,91
1998,8,29,93,115
1998,8,30,29,30
1998,8,31,29,32
1998,8,32,28,40
1998,8,33,13,14
1998,8,34,65,75
1998,8,35,43,52
1998,8,36,131,136
1998,8,37,136,151
1998,8,38,5,10
1998,8,39,153,174
1998,8,40,60,79
1998,8,41,58,66
1998,8,42,132,145
1998,8,44,4,5
1998,8,45,82,92
1998,8,46,21,22
1998,8,47,96,104
1998,8,48,265,302
1998,8,49,34,36
1998,8,50,10,12
1998,8,51,95,105
1998,8,53,46,55
1998,8,54,30,31
1998,8,55,65,72
1998,8,56,15,19
1998,9,1,65,75
1998,9,2,8,8
1998,9,4,50,51
1998,9,5,36,36
1998,9,6,300,339
1998,9,8,57,65
1998,9,9,31,31
1998,9,10,8,8
1998,9,11,2,2
1998,9,12,202,222
1998,9,13,105,116
1998,9,15,8,8
1998,9,16,22,23
1998,9,17,114,126
1998,9,18,74,83
1998,9,19,44,48
1998,9,20,38,44
1998,9,21,65,69
1998,9,22,38,45
1998,9,23,10,11
1998,9,24,50,52
1998,9,25,33,36
1998,9,26,114,123
1998,9,27,69,76
1998,9,28,64,76
1998,9,29,92,108
1998,9,30,20,24
1998,9,31,30,32
1998,9,32,21,26
1998,9,33,9,11
1998,9,34,55,57
1998,9,35,21,22
1998,9,36,138,146
1998,9,37,133,152
1998,9,38,10,10
1998,9,39,145,154
1998,9,40,59,64
1998,9,41,45,54
1998,9,42,133,145
1998,9,44,2,2
1998,9,45,72,77
1998,9,46,13,16
1998,9,47,101,110
1998,9,48,257,280
1998,9,49,39,42
1998,9,50,9,10
1998,9,51,66,74
1998,9,53,56,61
1998,9,54,28,31
1998,9,55,65,69
1998,9,56,14,15
1998,10,1,81,88
1998,10,2,8,10
1998,10,4,77,87
1998,10,5,60,67
1998,10,6,271,294
1998,10,8,45,53
1998,10,9,30,32
1998,10,10,7,8
1998,10,11,2,2
1998,10,12,228,246
1998,10,13,128,139
1998,10,15,8,9
1998,10,16,19,22
1998,10,17,102,110
1998,10,18,91,97
1998,10,19,37,45
1998,10,20,35,40
1998,10,21,71,76
1998,10,22,84,93
1998,10,23,15,16
1998,10,24,46,53
1998,10,25,41,45
1998,10,26,112,126
1998,10,27,57,64
1998,10,28,69,76
1998,10,29,86,100
1998,10,30,18,20
1998,10,31,28,31
1998,10,32,26,27
1998,10,33,14,19
1998,10,34,67,71
1998,10,35,29,38
1998,10,36,123,131
1998,10,37,157,170
1998,10,38,7,8
1998,10,39,123,125
1998,10,40,64,72
1998,10,41,42,46
1998,10,42,133,142
1998,10,44,9,11
1998,10,45,91,103
1998,10,46,13,17
1998,10,47,97,106
1998,10,48,241,267
1998,10,49,28,34
1998,10,50,10,10
1998,10,51,77,81
1998,10,53,34,38
1998,10,54,33,40
1998,10,55,62,78
1998,10,56,12,14
1998,11,1,89,97
1998,11,2,8,10
1998,11,4,78,100
1998,11,5,36,48
1998,11,6,275,304
1998,11,8,47,55
1998,11,9,20,20
1998,11,10,9,9
1998,11,11,3,3
1998,11,12,222,247
1998,11,13,129,142
1998,11,15,13,14
1998,11,16,23,29
1998,11,17,107,116
1998,11,18,81,90
1998,11,19,28,30
1998,11,20,34,35
1998,11,21,60,65
1998,11,22,77,90
1998,11,23,14,15
1998,11,24,46,52
1998,11,25,31,34
1998,11,26,104,116
1998,11,27,44,50
1998,11,28,76,89
1998,11,29,86,101
1998,11,30,10,11
1998,11,31,28,35
1998,11,32,32,35
1998,11,33,8,8
1998,11,34,60,63
1998,11,35,27,28
1998,11,36,128,140
1998,11,37,146,164
1998,11,38,10,13
1998,11,39,86,98
1998,11,40,44,54
1998,11,41,41,45
1998,11,42,129,138
1998,11,44,2,2
1998,11,45,58,64
1998,11,46,9,10
1998,11,47,102,105
1998,11,48,266,299
1998,11,49,23,30
1998,11,50,10,11
1998,11,51,68,75
1998,11,53,54,63
1998,11,54,32,34
1998,11,55,51,54
1998,11,56,6,8
1998,12,1,105,114
1998,12,2,3,3
1998,12,4,85,100
1998,12,5,38,43
1998,12,6,241,283
1998,12,8,33,39
1998,12,9,33,36
1998,12,10,6,6
1998,12,11,4,4
1998,12,12,233,255
1998,12,13,135,144
1998,12,15,11,11
1998,12,16,16,18
1998,12,17,128,142
1998,12,18,80,89
1998,12,19,41,47
1998,12,20,49,54
1998,12,21,51,58
1998,12,22,80,86
1998,12,23,20,22
1998,12,24,63,70
1998,12,25,35,36
1998,12,26,132,144
1998,12,27,48,56
1998,12,28,72,77
1998,12,29,89,103
1998,12,30,19,21
1998,12,31,22,27
1998,12,32,23,25
1998,12,33,9,9
1998,12,34,59,71
1998,12,35,27,30
1998,12,36,143,153
1998,12,37,115,130
1998,12,38,5,5
1998,12,39,114,138
1998,12,40,50,59
1998,12,41,33,35
1998,12,42,110,119
1998,12,44,6,6
1998,12,45,81,88
1998,12,46,11,11
1998,12,47,106,120
1998,12,48,281,318
1998,12,49,16,17
1998,12,50,11,13
1998,12,51,82,89
1998,12,53,57,66
1998,12,54,25,26
1998,12,55,65,75
1998,12,56,11,11
1999,1,1,53,61
1999,1,2,6,6
1999,1,4,65,75
1999,1,5,46,47
1999,1,6,255,305
1999,1,8,43,45
1999,1,9,19,23
1999,1,10,7,7
1999,1,11,5,5
1999,1,12,253,276
1999,1,13,94,112
1999,1,15,8,10
1999,1,16,11,14
1999,1,17,77,82
1999,1,18,45,51
1999,1,19,17,18
1999,1,20,20,21
1999,1,21,34,35
1999,1,22,67,73
1999,1,23,16,18
1999,1,24,33,38
1999,1,25,34,35
1999,1,26,69,76
1999,1,27,38,41
1999,1,28,68,69
1999,1,29,56,61
1999,1,30,10,12
1999,1,31,13,14
1999,1,32,33,33
1999,1,33,7,7
1999,1,34,40,42
1999,1,35,23,28
1999,1,36,96,102
1999,1,37,89,98
1999,1,38,6,9
1999,1,39,81,89
1999,1,40,46,49
1999,1,41,40,47
1999,1,42,82,95
1999,1,44,8,8
1999,1,45,61,68
1999,1,46,8,9
1999,1,47,82,88
1999,1,48,226,258
1999,1,49,18,19
1999,1,50,3,3
1999,1,51,55,62
1999,1,53,48,53
1999,1,54,27,33
1999,1,55,36,37
1999,1,56,9,10
1999,2,1,66,70
1999,2,2,3,3
1999,2,4,87,100
1999,2,5,39,44
1999,2,6,180,209
1999,2,8,39,46
1999,2,9,23,26
1999,2,10,15,17
1999,2,11,3,3
1999,2,12,187,209
1999,2,13,100,112
1999,2,15,3,3
1999,2,16,20,23
1999,2,17,75,83
1999,2,18,54,61
1999,2,19,21,25
1999,2,20,24,26
1999,2,21,46,49
1999,2,22,62,66
1999,2,23,11,14
1999,2,24,39,39
1999,2,25,30,31
1999,2,26,78,84
1999,2,27,44,46
1999,2,28,52,57
1999,2,29,64,71
1999,2,30,11,18
1999,2,31,19,26
1999,2,32,9,10
1999,2,33,7,8
1999,2,34,41,44
1999,2,35,21,21
1999,2,36,99,109
1999,2,37,82,93
1999,2,38,4,6
1999,2,39,86,100
1999,2,40,35,42
1999,2,41,16,18
1999,2,42,87,96
1999,2,44,2,3
1999,2,45,61,71
1999,2,46,7,7
1999,2,47,65,68
1999,2,48,224,253
1999,2,49,16,16
1999,2,50,10,12
1999,2,51,49,50
1999,2,53,41,48
1999,2,54,23,26
1999,2,55,27,30
1999,2,56,5,6
1999,3,1,61,70
1999,3,2,5,5
1999,3,4,72,76
1999,3,5,40,45
1999,3,6,239,265
1999,3,8,46,50
1999,3,9,17,19
1999,3,10,9,10
1999,3,11,4,5
1999,3,12,252,278
1999,3,13,109,121
1999,3,15,6,6
1999,3,16,13,14
1999,3,17,87,106
1999,3,18,71,84
1999,3,19,37,46
1999,3,20,34,36
1999,3,21,55,62
1999,3,22,69,76
1999,3,23,16,17
1999,3,24,41,44
1999,3,25,28,30
1999,3,26,84,92
1999,3,27,40,43
1999,3,28,53,62
1999,3,29,80,89
1999,3,30,16,17
1999,3,31,21,24
1999,3,32,32,38
1999,3,33,9,9
1999,3,34,49,52
1999,3,35,27,28
1999,3,36,84,90
1999,3,37,94,102
1999,3,38,2,4
1999,3,39,93,103
1999,3,40,48,61
1999,3,41,40,44
1999,3,42,95,104
1999,3,44,3,3
1999,3,45,72,84
1999,3,46,9,10
1999,3,47,86,94
1999,3,48,261,290
1999,3,49,23,25
1999,3,50,7,7
1999,3,51,62,69
1999,3,53,34,38
1999,3,54,27,34
1999,3,55,41,56
1999,3,56,7,10
1999,4,1,92,107
1999,4,2,5,5
1999,4,4,84,97
1999,4,5,47,51
1999,4,6,243,272
1999,4,8,42,50
1999,4,9,18,19
1999,4,10,7,7
1999,4,11,4,4
1999,4,12,216,238
1999,4,13,104,119
1999,4,15,8,8
1999,4,16,18,21
1999,4,17,93,100
1999,4,18,60,70
1999,4,19,27,34
1999,4,20,24,30
1999,4,21,59,68
1999,4,22,54,58
1999,4,23,13,14
1999,4,24,38,42
1999,4,25,22,23
1999,4,26,90,97
1999,4,27,29,31
1999,4,28,52,58
1999,4,29,70,75
1999,4,30,12,13
1999,4,31,18,27
1999,4,32,18,20
1999,4,33,11,12
1999,4,34,45,54
1999,4,35,28,32
1999,4,36,102,105
1999,4,37,98,111
1999,4,38,10,12
1999,4,39,75,82
1999,4,40,54,67
1999,4,41,22,23
1999,4,42,107,123
1999,4,44,5,6
1999,4,45,77,86
1999,4,46,9,12
1999,4,47,92,100
1999,4,48,268,305
1999,4,49,31,34
1999,4,50,4,5
1999,4,51,46,49
1999,4,53,29,38
1999,4,54,24,26
1999,4,55,53,55
1999,4,56,11,13
1999,5,1,98,108
1999,5,2,6,7
1999,5,4,91,106
1999,5,5,42,46
1999,5,6,248,268
1999,5,8,33,34
1999,5,9,21,27
1999,5,10,5,6
1999,5,11,3,3
1999,5,12,223,245
1999,5,13,103,115
1999,5,15,8,8
1999,5,16,27,30
1999,5,17,102,114
1999,5,18,79,92
1999,5,19,38,44
1999,5,20,45,51
1999,5,21,62,77
1999,5,22,65,92
1999,5,23,11,14
1999,5,24,56,59
1999,5,25,42,46
1999,5,26,113,125
1999,5,27,44,52
1999,5,28,83,88
1999,5,29,88,97
1999,5,30,18,19
1999,5,31,19,19
1999,5,32,26,29
1999,5,33,9,11
1999,5,34,71,73
1999,5,35,37,52
1999,5,36,150,166
1999,5,37,129,139
1999,5,38,9,15
1999,5,39,116,132
1999,5,40,54,67
1999,5,41,25,29
1999,5,42,127,143
1999,5,44,4,4
1999,5,45,83,90
1999,5,46,7,7
1999,5,47,115,138
1999,5,48,254,285
1999,5,49,27,37
1999,5,50,8,10
1999,5,51,67,74
1999,5,53,48,50
1999,5,54,36,39
1999,5,55,57,65
1999,5,56,16,19
1999,6,1,70,82
1999,6,2,4,4
1999,6,4,63,71
1999,6,5,40,44
1999,6,6,256,286
1999,6,8,43,44
1999,6,9,17,18
1999,6,10,5,5
1999,6,11,4,4
1999,6,12,210,238
1999,6,13,131,157
1999,6,15,10,12
1999,6,16,11,13
1999,6,17,115,129
1999,6,18,88,95
1999,6,19,39,46
1999,6,20,45,52
1999,6,21,59,70
1999,6,22,67,70
1999,6,23,13,14
1999,6,24,41,46
1999,6,25,33,35
1999,6,26,108,116
1999,6,27,50,53
1999,6,28,77,87
1999,6,29,103,120
1999,6,30,15,15
1999,6,31,17,23
1999,6,32,23,29
1999,6,33,16,17
1999,6,34,65,72
1999,6,35,35,40
1999,6,36,140,157
1999,6,37,113,123
1999,6,38,5,6
1999,6,39,107,121
1999,6,40,53,67
1999,6,41,31,35
1999,6,42,114,130
1999,6,44,9,9
1999,6,45,78,91
1999,6,46,16,18
1999,6,47,117,138
1999,6,48,228,268
1999,6,49,30,35
1999,6,50,10,11
1999,6,51,66,69
1999,6,53,40,43
1999,6,54,40,42
1999,6,55,55,56
1999,6,56,16,17
1999,7,1,95,117
1999,7,2,8,10
1999,7,4,59,69
1999,7,5,56,62
1999,7,6,296,316
1999,7,8,62,70
1999,7,9,27,27
1999,7,10,10,12
1999,7,11,3,3
1999,7,12,208,237
1999,7,13,107,122
1999,7,15,8,8
1999,7,16,28,35
1999,7,17,115,132
1999,7,18,98,111
1999,7,19,53,59
1999,7,20,44,58
1999,7,21,72,80
1999,7,22,66,79
1999,7,23,22,23
1999,7,24,53,56
1999,7,25,25,25
1999,7,26,117,128
1999,7,27,46,52
1999,7,28,75,80
1999,7,29,84,94
1999,7,30,15,19
1999,7,31,25,25
1999,7,32,25,30
1999,7,33,19,20
1999,7,34,55,59
1999,7,35,34,37
1999,7,36,152,166
1999,7,37,109,125
1999,7,38,7,9
1999,7,39,124,135
1999,7,40,56,68
1999,7,41,52,62
1999,7,42,138,153
1999,7,44,7,7
1999,7,45,92,107
1999,7,46,12,18
1999,7,47,101,110
1999,7,48,268,315
1999,7,49,41,46
1999,7,50,6,6
1999,7,51,59,66
1999,7,53,67,78
1999,7,54,30,34
1999,7,55,67,76
1999,7,56,18,28
1999,8,1,92,111
1999,8,2,10,11
1999,8,4,65,75
1999,8,5,53,57
1999,8,6,303,349
1999,8,8,60,72
1999,8,9,35,39
1999,8,10,8,8
1999,8,11,2,2
1999,8,12,228,253
1999,8,13,116,137
1999,8,15,12,13
1999,8,16,37,41
1999,8,17,141,162
1999,8,18,89,105
1999,8,19,45,47
1999,8,20,43,53
1999,8,21,49,58
1999,8,22,83,93
1999,8,23,16,17
1999,8,24,54,54
1999,8,25,34,39
1999,8,26,139,159
1999,8,27,57,64
1999,8,28,81,95
1999,8,29,76,84
1999,8,30,23,26
1999,8,31,24,24
1999,8,32,25,32
1999,8,33,13,14
1999,8,34,75,84
1999,8,35,52,63
1999,8,36,135,153
1999,8,37,116,131
1999,8,38,11,14
1999,8,39,142,155
1999,8,40,49,59
1999,8,41,30,36
1999,8,42,139,154
1999,8,44,11,11
1999,8,45,91,107
1999,8,46,21,22
1999,8,47,110,121
1999,8,48,256,291
1999,8,49,28,29
1999,8,50,7,8
1999,8,51,82,90
1999,8,53,55,59
1999,8,54,28,28
1999,8,55,62,70
1999,8,56,22,25
1999,9,1,90,101
1999,9,2,10,11
1999,9,4,78,87
1999,9,5,51,66
1999,9,6,288,335
1999,9,8,40,43
1999,9,9,25,27
1999,9,10,8,8
1999,9,11,3,3
1999,9,12,175,189
1999,9,13,116,134
1999,9,15,6,7
1999,9,16,25,25
1999,9,17,120,139
1999,9,18,80,85
1999,9,19,31,33
1999,9,20,35,44
1999,9,21,86,94
1999,9,22,70,75
1999,9,23,16,16
1999,9,24,42,42
1999,9,25,39,40
1999,9,26,112,127
1999,9,27,52,62
1999,9,28,74,82
1999,9,29,92,114
1999,9,30,26,29
1999,9,31,28,29
1999,9,32,33,37
1999,9,33,9,11
1999,9,34,35,35
1999,9,35,40,46
1999,9,36,121,125
1999,9,37,131,150
1999,9,38,12,16
1999,9,39,123,137
1999,9,40,59,66
1999,9,41,26,30
1999,9,42,143,159
1999,9,44,9,9
1999,9,45,73,82
1999,9,46,9,9
1999,9,47,115,122
1999,9,48,281,304
1999,9,49,25,32
1999,9,50,3,3
1999,9,51,72,80
1999,9,53,58,61
1999,9,54,22,26
1999,9,55,74,77
1999,9,56,12,15
1999,10,1,103,120
1999,10,2,9,9
1999,10,4,96,109
1999,10,5,45,50
1999,10,6,314,346
1999,10,8,52,60
1999,10,9,27,31
1999,10,10,4,4
1999,10,11,2,2
1999,10,12,222,246
1999,10,13,118,134
1999,10,15,7,8
1999,10,16,20,21
1999,10,17,126,146
1999,10,18,93,105
1999,10,19,36,44
1999,10,20,57,63
1999,10,21,64,72
1999,10,22,72,77
1999,10,23,11,11
1999,10,24,45,51
1999,10,25,36,41
1999,10,26,114,129
1999,10,27,41,44
1999,10,28,69,77
1999,10,29,79,94
1999,10,30,11,12
1999,10,31,23,30
1999,10,32,31,34
1999,10,33,15,16
1999,10,34,64,72
1999,10,35,33,36
1999,10,36,123,133
1999,10,37,134,154
1999,10,38,6,7
1999,10,39,118,127
1999,10,40,57,72
1999,10,41,25,25
1999,10,42,141,155
1999,10,44,13,14
1999,10,45,98,105
1999,10,46,12,12
1999,10,47,81,93
1999,10,48,303,343
1999,10,49,36,39
1999,10,50,7,7
1999,10,51,79,90
1999,10,53,51,55
1999,10,54,41,45
1999,10,55,73,79
1999,10,56,20,20
1999,11,1,99,113
1999,11,2,2,2
1999,11,4,74,78
1999,11,5,33,38
1999,11,6,261,312
1999,11,8,50,58
1999,11,9,21,22
1999,11,10,4,5
1999,11,11,4,4
1999,11,12,208,233
1999,11,13,103,117
1999,11,15,8,8
1999,11,16,19,23
1999,11,17,132,141
1999,11,18,67,80
1999,11,19,37,38
1999,11,20,47,55
1999,11,21,80,86
1999,11,22,77,91
1999,11,23,11,11
1999,11,24,56,63
1999,11,25,40,44
1999,11,26,114,129
1999,11,27,55,59
1999,11,28,72,80
1999,11,29,91,102
1999,11,30,18,19
1999,11,31,21,23
1999,11,32,27,32
1999,11,33,4,4
1999,11,34,63,72
1999,11,35,28,34
1999,11,36,117,129
1999,11,37,137,152
1999,11,38,11,11
1999,11,39,111,124
1999,11,40,57,66
1999,11,41,25,26
1999,11,42,103,116
1999,11,44,4,4
1999,11,45,85,89
1999,11,46,12,12
1999,11,47,102,108
1999,11,48,254,291
1999,11,49,22,25
1999,11,50,7,8
1999,11,51,82,94
1999,11,53,52,59
1999,11,54,31,34
1999,11,55,56,61
1999,11,56,14,14
1999,12,1,73,78
1999,12,2,5,6
1999,12,4,73,81
1999,12,5,48,54
1999,12,6,265,296
1999,12,8,48,54
1999,12,9,20,23
1999,12,10,9,11
1999,12,11,3,3
1999,12,12,247,278
1999,12,13,113,128
1999,12,15,6,7
1999,12,16,16,18
1999,12,17,112,122
1999,12,18,68,81
1999,12,19,47,56
1999,12,20,39,51
1999,12,21,58,63
1999,12,22,78,88
1999,12,23,12,12
1999,12,24,50,56
1999,12,25,23,25
1999,12,26,107,120
1999,12,27,71,79
1999,12,28,76,92
1999,12,29,81,93
1999,12,30,19,21
1999,12,31,27,31
1999,12,32,25,26
1999,12,33,11,11
1999,12,34,61,67
1999,12,35,30,43
1999,12,36,154,164
1999,12,37,118,127
1999,12,38,9,10
1999,12,39,108,125
1999,12,40,51,57
1999,12,41,35,39
1999,12,42,106,121
1999,12,44,10,10
1999,12,45,73,85
1999,12,46,14,14
1999,12,47,103,122
1999,12,48,285,319
1999,12,49,21,23
1999,12,50,10,10
1999,12,51,76,85
1999,12,53,51,55
1999,12,54,25,28
1999,12,55,74,83
1999,12,56,12,12
2000,1,1,69,79
2000,1,2,10,12
2000,1,4,65,71
2000,1,5,37,42
2000,1,6,255,267
2000,1,8,42,49
2000,1,9,20,23
2000,1,10,7,7
2000,1,11,5,5
2000,1,12,233,250
2000,1,13,104,120
2000,1,15,11,11
2000,1,16,23,24
2000,1,17,87,95
2000,1,18,41,48
2000,1,19,32,39
2000,1,20,20,22
2000,1,21,41,46
2000,1,22,60,67
2000,1,23,13,13
2000,1,24,48,54
2000,1,25,35,36
2000,1,26,113,121
2000,1,27,41,53
2000,1,28,74,81
2000,1,29,93,115
2000,1,30,12,14
2000,1,31,28,35
2000,1,32,17,17
2000,1,33,10,10
2000,1,34,60,64
2000,1,35,25,27
2000,1,36,118,125
2000,1,37,100,107
2000,1,38,7,7
2000,1,39,82,86
2000,1,40,54,57
2000,1,41,33,38
2000,1,42,106,117
2000,1,44,3,3
2000,1,45,74,79
2000,1,46,10,10
2000,1,47,76,89
2000,1,48,269,306
2000,1,49,25,30
2000,1,50,7,7
2000,1,51,59,65
2000,1,53,46,53
2000,1,54,23,29
2000,1,55,54,62
2000,1,56,10,12
2000,2,1,70,76
2000,2,2,7,7
2000,2,4,64,71
2000,2,5,42,45
2000,2,6,212,239
2000,2,8,41,44
2000,2,9,13,13
2000,2,10,11,12
2000,2,11,3,3
2000,2,12,236,265
2000,2,13,105,114
2000,2,15,8,9
2000,2,16,19,23
2000,2,17,86,95
2000,2,18,49,52
2000,2,19,26,29
2000,2,20,19,20
2000,2,21,49,54
2000,2,22,57,66
2000,2,23,10,11
2000,2,24,28,31
2000,2,25,21,21
2000,2,26,77,83
2000,2,27,41,45
2000,2,28,78,84
2000,2,29,68,78
2000,2,30,9,10
2000,2,31,13,19
2000,2,32,13,16
2000,2,33,7,8
2000,2,34,41,44
2000,2,35,27,30
2000,2,36,80,87
2000,2,37,110,117
2000,2,38,3,4
2000,2,39,74,76
2000,2,40,30,33
2000,2,41,22,27
2000,2,42,99,114
2000,2,44,6,6
2000,2,45,56,64
2000,2,46,11,12
2000,2,47,83,92
2000,2,48,219,242
2000,2,49,20,23
2000,2,50,7,7
2000,2,51,56,59
2000,2,53,30,33
2000,2,54,23,28
2000,2,55,45,51
2000,2,56,10,10
2000,3,1,77,86
2000,3,2,3,3
2000,3,4,69,74
2000,3,5,51,60
2000,3,6,265,300
2000,3,8,46,51
2000,3,9,21,21
2000,3,10,8,8
2000,3,11,1,1
2000,3,12,262,295
2000,3,13,126,143
2000,3,15,9,9
2000,3,16,19,22
2000,3,17,94,106
2000,3,18,62,71
2000,3,19,31,37
2000,3,20,30,35
2000,3,21,52,60
2000,3,22,79,84
2000,3,23,12,12
2000,3,24,35,36
2000,3,25,25,26
2000,3,26,66,70
2000,3,27,34,38
2000,3,28,78,85
2000,3,29,68,76
2000,3,30,15,17
2000,3,31,15,17
2000,3,32,19,32
2000,3,33,5,7
2000,3,34,37,40
2000,3,35,36,41
2000,3,36,87,94
2000,3,37,98,105
2000,3,38,6,6
2000,3,39,97,112
2000,3,40,48,54
2000,3,41,22,25
2000,3,42,79,86
2000,3,44,3,5
2000,3,45,90,105
2000,3,46,10,12
2000,3,47,104,117
2000,3,48,243,284
2000,3,49,17,21
2000,3,50,4,4
2000,3,51,58,69
2000,3,53,43,46
2000,3,54,24,25
2000,3,55,46,51
2000,3,56,11,15
2000,4,1,86,94
2000,4,2,5,6
2000,4,4,75,83
2000,4,5,51,56
2000,4,6,268,298
2000,4,8,48,51
2000,4,9,20,23
2000,4,10,6,6
2000,4,11,2,2
2000,4,12,253,272
2000,4,13,122,129
2000,4,15,8,11
2000,4,16,16,20
2000,4,17,95,99
2000,4,18,56,59
2000,4,19,30,35
2000,4,20,39,44
2000,4,21,63,77
2000,4,22,69,77
2000,4,23,6,8
2000,4,24,34,37
2000,4,25,30,33
2000,4,26,98,107
2000,4,27,50,52
2000,4,28,71,77
2000,4,29,80,94
2000,4,30,20,23
2000,4,31,12,13
2000,4,32,20,21
2000,4,33,10,10
2000,4,34,48,54
2000,4,35,28,32
2000,4,36,93,103
2000,4,37,120,138
2000,4,38,3,3
2000,4,39,85,89
2000,4,40,50,57
2000,4,41,28,30
2000,4,42,114,128
2000,4,44,10,14
2000,4,45,85,94
2000,4,46,10,11
2000,4,47,100,108
2000,4,48,270,324
2000,4,49,25,27
2000,4,50,5,5
2000,4,51,62,66
2000,4,53,37,39
2000,4,54,38,47
2000,4,55,62,67
2000,4,56,10,11
2000,5,1,67,72
2000,5,2,7,7
2000,5,4,82,98
2000,5,5,45,55
2000,5,6,291,325
2000,5,8,64,69
2000,5,9,26,31
2000,5,10,7,9
2000,5,11,3,3
2000,5,12,258,283
2000,5,13,109,116
2000,5,15,7,8
2000,5,16,19,22
2000,5,17,99,109
2000,5,18,71,78
2000,5,19,31,37
2000,5,20,31,32
2000,5,21,66,74
2000,5,22,84,96
2000,5,23,13,19
2000,5,24,48,53
2000,5,25,27,27
2000,5,26,98,114
2000,5,27,44,47
2000,5,28,65,79
2000,5,29,84,96
2000,5,30,9,14
2000,5,31,28,33
2000,5,32,24,35
2000,5,33,8,9
2000,5,34,64,69
2000,5,35,32,37
2000,5,36,122,134
2000,5,37,119,133
2000,5,38,8,9
2000,5,39,95,103
2000,5,40,51,60
2000,5,41,31,34
2000,5,42,99,104
2000,5,44,7,7
2000,5,45,90,99
2000,5,46,5,8
2000,5,47,96,104
2000,5,48,300,346
2000,5,49,27,29
2000,5,50,5,5
2000,5,51,74,74
2000,5,53,40,44
2000,5,54,32,37
2000,5,55,56,66
2000,5,56,9,10
2000,6,1,78,80
2000,6,2,12,13
2000,6,4,74,86
2000,6,5,40,45
2000,6,6,272,328
2000,6,8,50,54
2000,6,9,28,31
2000,6,10,14,14
2000,6,11,7,9
2000,6,12,195,216
2000,6,13,123,141
2000,6,15,16,21
2000,6,16,21,23
2000,6,17,114,130
2000,6,18,93,109
2000,6,19,34,36
2000,6,20,38,43
2000,6,21,63,71
2000,6,22,73,78
2000,6,23,18,18
2000,6,24,43,45
2000,6,25,31,34
2000,6,26,115,136
2000,6,27,36,40
2000,6,28,66,75
2000,6,29,79,90
2000,6,30,23,27
2000,6,31,16,16
2000,6,32,22,27
2000,6,33,14,15
2000,6,34,69,78
2000,6,35,28,29
2000,6,36,122,130
2000,6,37,110,122
2000,6,38,8,11
2000,6,39,129,142
2000,6,40,47,51
2000,6,41,41,46
2000,6,42,114,119
2000,6,44,4,4
2000,6,45,91,101
2000,6,46,18,22
2000,6,47,114,123
2000,6,48,284,331
2000,6,49,35,38
2000,6,50,2,3
2000,6,51,80,86
2000,6,53,48,56
2000,6,54,31,33
2000,6,55,59,62
2000,6,56,11,12
2000,7,1,99,114
2000,7,2,8,14
2000,7,4,87,106
2000,7,5,52,58
2000,7,6,298,340
2000,7,8,50,53
2000,7,9,28,29
2000,7,10,10,11
2000,7,11,2,2
2000,7,12,199,213
2000,7,13,124,143
2000,7,15,9,10
2000,7,16,30,37
2000,7,17,116,134
2000,7,18,84,96
2000,7,19,38,42
2000,7,20,42,46
2000,7,21,75,89
2000,7,22,72,79
2000,7,23,13,13
2000,7,24,51,54
2000,7,25,42,48
2000,7,26,115,135
2000,7,27,65,70
2000,7,28,82,95
2000,7,29,89,106
2000,7,30,21,24
2000,7,31,20,22
2000,7,32,29,34
2000,7,33,14,15
2000,7,34,58,66
2000,7,35,32,39
2000,7,36,135,140
2000,7,37,129,152
2000,7,38,8,8
2000,7,39,112,124
2000,7,40,52,59
2000,7,41,43,46
2000,7,42,146,161
2000,7,44,10,10
2000,7,45,80,97
2000,7,46,17,20
2000,7,47,116,136
2000,7,48,320,373
2000,7,49,36,50
2000,7,50,6,6
2000,7,51,70,74
2000,7,53,56,62
2000,7,54,31,37
2000,7,55,78,86
2000,7,56,16,18
2000,8,1,83,95
2000,8,2,10,10
2000,8,4,64,79
2000,8,5,57,67
2000,8,6,333,369
2000,8,8,65,69
2000,8,9,40,42
2000,8,10,12,12
2000,8,11,4,4
2000,8,12,218,242
2000,8,13,130,148
2000,8,15,10,11
2000,8,16,16,18
2000,8,17,121,142
2000,8,18,65,72
2000,8,19,35,40
2000,8,20,52,63
2000,8,21,52,63
2000,8,22,77,85
2000,8,23,19,20
2000,8,24,48,51
2000,8,25,34,38
2000,8,26,122,133
2000,8,27,59,68
2000,8,28,72,82
2000,8,29,81,90
2000,8,30,22,24
2000,8,31,30,32
2000,8,32,27,30
2000,8,33,8,8
2000,8,34,53,60
2000,8,35,43,52
2000,8,36,134,143
2000,8,37,122,136
2000,8,38,12,13
2000,8,39,118,135
2000,8,40,57,64
2000,8,41,48,53
2000,8,42,130,140
2000,8,44,7,7
2000,8,45,63,69
2000,8,46,20,22
2000,8,47,119,130
2000,8,48,274,317
2000,8,49,32,36
2000,8,50,8,8
2000,8,51,78,86
2000,8,53,59,62
2000,8,54,32,35
2000,8,55,63,68
2000,8,56,15,17
2000,9,1,65,67
2000,9,2,8,8
2000,9,4,77,90
2000,9,5,64,71
2000,9,6,292,328
2000,9,8,63,77
2000,9,9,28,28
2000,9,10,8,9
2000,9,11,3,3
2000,9,12,195,212
2000,9,13,105,121
2000,9,15,6,7
2000,9,16,35,41
2000,9,17,127,147
2000,9,18,88,95
2000,9,19,40,42
2000,9,20,31,40
2000,9,21,73,77
2000,9,22,64,74
2000,9,23,10,10
2000,9,24,51,52
2000,9,25,34,34
2000,9,26,117,135
2000,9,27,37,43
2000,9,28,77,81
2000,9,29,107,126
2000,9,30,30,32
2000,9,31,21,21
2000,9,32,17,20
2000,9,33,14,15
2000,9,34,58,64
2000,9,35,40,42
2000,9,36,123,131
2000,9,37,125,138
2000,9,38,8,8
2000,9,39,114,122
2000,9,40,50,56
2000,9,41,39,41
2000,9,42,140,150
2000,9,44,6,6
2000,9,45,85,97
2000,9,46,18,21
2000,9,47,96,105
2000,9,48,298,343
2000,9,49,27,30
2000,9,50,8,9
2000,9,51,68,74
2000,9,53,50,53
2000,9,54,26,30
2000,9,55,90,102
2000,9,56,17,20
2000,10,1,73,83
2000,10,2,8,8
2000,10,4,84,95
2000,10,5,62,67
2000,10,6,319,368
2000,10,8,50,56
2000,10,9,28,31
2000,10,10,4,4
2000,10,11,4,4
2000,10,12,217,233
2000,10,13,114,124
2000,10,15,9,10
2000,10,16,19,19
2000,10,17,127,139
2000,10,18,77,81
2000,10,19,35,42
2000,10,20,33,35
2000,10,21,57,66
2000,10,22,70,76
2000,10,23,14,15
2000,10,24,57,62
2000,10,25,39,39
2000,10,26,110,124
2000,10,27,44,55
2000,10,28,71,82
2000,10,29,89,105
2000,10,30,17,22
2000,10,31,22,28
2000,10,32,31,38
2000,10,33,10,11
2000,10,34,64,72
2000,10,35,37,39
2000,10,36,127,136
2000,10,37,155,170
2000,10,38,6,6
2000,10,39,126,138
2000,10,40,57,68
2000,10,41,34,37
2000,10,42,135,146
2000,10,44,5,5
2000,10,45,81,92
2000,10,46,10,11
2000,10,47,104,117
2000,10,48,248,284
2000,10,49,26,33
2000,10,50,7,8
2000,10,51,93,105
2000,10,53,48,50
2000,10,54,35,40
2000,10,55,54,61
2000,10,56,6,6
2000,11,1,72,75
2000,11,2,5,5
2000,11,4,72,87
2000,11,5,33,37
2000,11,6,259,288
2000,11,8,55,61
2000,11,9,29,30
2000,11,10,12,12
2000,11,11,7,8
2000,11,12,223,241
2000,11,13,103,114
2000,11,15,13,15
2000,11,16,11,14
2000,11,17,101,111
2000,11,18,54,64
2000,11,19,29,31
2000,11,20,34,38
2000,11,21,71,78
2000,11,22,80,90
2000,11,23,19,20
2000,11,24,51,58
2000,11,25,44,45
2000,11,26,107,118
2000,11,27,64,69
2000,11,28,59,69
2000,11,29,70,82
2000,11,30,12,12
2000,11,31,19,21
2000,11,32,25,29
2000,11,33,7,7
2000,11,34,58,66
2000,11,35,37,41
2000,11,36,108,116
2000,11,37,112,120
2000,11,38,6,6
2000,11,39,97,102
2000,11,40,37,42
2000,11,41,34,39
2000,11,42,110,119
2000,11,44,6,6
2000,11,45,86,95
2000,11,46,14,16
2000,11,47,90,96
2000,11,48,228,279
2000,11,49,21,23
2000,11,50,3,3
2000,11,51,79,90
2000,11,53,49,56
2000,11,54,30,35
2000,11,55,48,53
2000,11,56,8,9
2000,12,1,71,75
2000,12,2,10,13
2000,12,4,78,96
2000,12,5,44,49
2000,12,6,284,303
2000,12,8,39,47
2000,12,9,36,39
2000,12,10,17,19
2000,12,11,4,4
2000,12,12,244,277
2000,12,13,115,128
2000,12,15,10,10
2000,12,16,13,13
2000,12,17,107,111
2000,12,18,53,61
2000,12,19,33,35
2000,12,20,36,43
2000,12,21,59,65
2000,12,22,61,66
2000,12,23,10,10
2000,12,24,51,55
2000,12,25,48,52
2000,12,26,99,106
2000,12,27,42,45
2000,12,28,53,59
2000,12,29,83,99
2000,12,30,13,18
2000,12,31,18,19
2000,12,32,22,24
2000,12,33,10,11
2000,12,34,49,54
2000,12,35,21,23
2000,12,36,120,121
2000,12,37,108,119
2000,12,38,5,5
2000,12,39,115,137
2000,12,40,41,49
2000,12,41,32,35
2000,12,42,124,136
2000,12,44,6,7
2000,12,45,67,73
2000,12,46,7,8
2000,12,47,79,90
2000,12,48,301,350
2000,12,49,27,33
2000,12,50,11,11
2000,12,51,74,81
2000,12,53,66,77
2000,12,54,29,35
2000,12,55,61,70
2000,12,56,9,12
2001,1,1,71,78
2001,1,2,11,11
2001,1,4,56,64
2001,1,5,24,29
2001,1,6,279,320
2001,1,8,44,49
2001,1,9,20,22
2001,1,10,6,6
2001,1,11,2,2
2001,1,12,241,264
2001,1,13,118,134
2001,1,15,5,5
2001,1,16,13,14
2001,1,17,81,98
2001,1,18,60,68
2001,1,19,22,32
2001,1,20,22,24
2001,1,21,53,60
2001,1,22,56,66
2001,1,23,15,15
2001,1,24,35,35
2001,1,25,34,36
2001,1,26,76,79
2001,1,27,38,42
2001,1,28,50,56
2001,1,29,76,85
2001,1,30,7,9
2001,1,31,8,8
2001,1,32,12,15
2001,1,33,7,8
2001,1,34,46,47
2001,1,35,31,33
2001,1,36,86,96
2001,1,37,102,113
2001,1,38,9,10
2001,1,39,82,93
2001,1,40,28,32
2001,1,41,33,41
2001,1,42,98,103
2001,1,44,8,9
2001,1,45,68,79
2001,1,46,7,9
2001,1,47,71,79
2001,1,48,253,279
2001,1,49,20,22
2001,1,50,4,4
2001,1,51,70,77
2001,1,53,36,41
2001,1,54,17,17
2001,1,55,35,40
2001,1,56,9,9
2001,2,1,72,81
2001,2,2,6,6
2001,2,4,56,66
2001,2,5,30,42
2001,2,6,240,267
2001,2,8,25,26
2001,2,9,18,21
2001,2,10,9,9
2001,2,11,4,4
2001,2,12,220,247
2001,2,13,91,108
2001,2,15,6,6
2001,2,16,13,15
2001,2,17,72,80
2001,2,18,51,55
2001,2,19,17,22
2001,2,20,26,29
2001,2,21,62,69
2001,2,22,75,81
2001,2,23,5,5
2001,2,24,36,40
2001,2,25,29,33
2001,2,26,90,99
2001,2,27,22,24
2001,2,28,57,62
2001,2,29,63,68
2001,2,30,11,12
2001,2,31,13,14
2001,2,32,11,11
2001,2,33,8,8
2001,2,34,54,58
2001,2,35,27,27
2001,2,36,74,78
2001,2,37,80,97
2001,2,38,2,2
2001,2,39,80,90
2001,2,40,35,44
2001,2,41,25,30
2001,2,42,78,90
2001,2,44,3,3
2001,2,45,71,80
2001,2,46,9,12
2001,2,47,77,88
2001,2,48,245,271
2001,2,49,17,19
2001,2,50,4,4
2001,2,51,52,56
2001,2,53,39,44
2001,2,54,29,30
2001,2,55,25,25
2001,2,56,6,6
2001,3,1,76,83
2001,3,2,8,12
2001,3,4,79,88
2001,3,5,45,48
2001,3,6,288,328
2001,3,8,42,54
2001,3,9,21,22
2001,3,10,5,9
2001,3,11,3,3
2001,3,12,245,264
2001,3,13,103,115
2001,3,15,16,18
2001,3,16,13,18
2001,3,17,79,96
2001,3,18,54,66
2001,3,19,21,24
2001,3,20,30,37
2001,3,21,50,57
2001,3,22,69,78
2001,3,23,5,6
2001,3,24,33,39
2001,3,25,17,17
2001,3,26,94,102
2001,3,27,30,35
2001,3,28,54,61
2001,3,29,62,67
2001,3,30,11,12
2001,3,31,19,21
2001,3,32,28,34
2001,3,33,6,6
2001,3,34,53,61
2001,3,35,36,41
2001,3,36,98,101
2001,3,37,108,119
2001,3,38,6,6
2001,3,39,79,83
2001,3,40,49,51
2001,3,41,17,21
2001,3,42,102,111
2001,3,44,7,7
2001,3,45,70,74
2001,3,46,6,6
2001,3,47,92,104
2001,3,48,265,313
2001,3,49,12,12
2001,3,50,4,4
2001,3,51,60,63
2001,3,53,48,56
2001,3,54,21,22
2001,3,55,43,51
2001,3,56,13,19
2001,4,1,65,73
2001,4,2,4,4
2001,4,4,89,92
2001,4,5,45,49
2001,4,6,275,296
2001,4,8,44,51
2001,4,9,21,21
2001,4,10,13,13
2001,4,11,7,7
2001,4,12,247,273
2001,4,13,113,127
2001,4,15,11,13
2001,4,16,11,20
2001,4,17,92,100
2001,4,18,58,63
2001,4,19,39,48
2001,4,20,44,48
2001,4,21,61,65
2001,4,22,74,85
2001,4,23,6,7
2001,4,24,51,58
2001,4,25,33,43
2001,4,26,72,83
2001,4,27,36,42
2001,4,28,68,79
2001,4,29,81,92
2001,4,30,19,26
2001,4,31,9,17
2001,4,32,19,25
2001,4,33,6,6
2001,4,34,40,41
2001,4,35,25,26
2001,4,36,109,125
2001,4,37,111,122
2001,4,38,7,7
2001,4,39,95,105
2001,4,40,45,52
2001,4,41,24,26
2001,4,42,89,103
2001,4,44,6,6
2001,4,45,79,88
2001,4,46,13,14
2001,4,47,89,98
2001,4,48,276,314
2001,4,49,13,14
2001,4,50,5,5
2001,4,51,67,70
2001,4,53,38,41
2001,4,54,27,27
2001,4,55,50,58
2001,4,56,10,13
2001,5,1,95,104
2001,5,2,3,3
2001,5,4,88,99
2001,5,5,63,76
2001,5,6,304,347
2001,5,8,50,56
2001,5,9,29,32
2001,5,10,7,8
2001,5,11,4,4
2001,5,12,212,245
2001,5,13,137,151
2001,5,15,7,7
2001,5,16,22,24
2001,5,17,120,129
2001,5,18,82,88
2001,5,19,26,27
2001,5,20,41,48
2001,5,21,50,56
2001,5,22,70,77
2001,5,23,21,24
2001,5,24,50,58
2001,5,25,31,34
2001,5,26,97,106
2001,5,27,56,58
2001,5,28,61,65
2001,5,29,87,100
2001,5,30,13,13
2001,5,31,19,20
2001,5,32,24,24
2001,5,33,10,11
2001,5,34,58,63
2001,5,35,35,42
2001,5,36,149,160
2001,5,37,129,145
2001,5,38,9,10
2001,5,39,108,122
2001,5,40,43,48
2001,5,41,41,48
2001,5,42,122,130
2001,5,44,6,6
2001,5,45,75,81
2001,5,46,10,10
2001,5,47,104,115
2001,5,48,271,315
2001,5,49,24,30
2001,5,50,4,5
2001,5,51,81,90
2001,5,53,47,55
2001,5,54,20,21
2001,5,55,44,51
2001,5,56,12,14
2001,6,1,63,71
2001,6,2,11,11
2001,6,4,70,78
2001,6,5,50,58
2001,6,6,289,324
2001,6,8,59,66
2001,6,9,24,28
2001,6,10,7,13
2001,6,11,5,6
2001,6,12,206,236
2001,6,13,101,116
2001,6,15,15,16
2001,6,16,30,32
2001,6,17,127,143
2001,6,18,72,75
2001,6,19,37,42
2001,6,20,37,41
2001,6,21,67,73
2001,6,22,56,61
2001,6,23,16,18
2001,6,24,59,64
2001,6,25,44,47
2001,6,26,103,113
2001,6,27,37,41
2001,6,28,63,67
2001,6,29,76,88
2001,6,30,15,17
2001,6,31,18,19
2001,6,32,31,31
2001,6,33,17,20
2001,6,34,65,72
2001,6,35,37,43
2001,6,36,106,119
2001,6,37,101,124
2001,6,38,3,3
2001,6,39,104,114
2001,6,40,47,61
2001,6,41,39,45
2001,6,42,116,131
2001,6,44,11,11
2001,6,45,85,94
2001,6,46,19,20
2001,6,47,109,115
2001,6,48,294,333
2001,6,49,22,24
2001,6,50,12,14
2001,6,51,67,73
2001,6,53,53,59
2001,6,54,46,51
2001,6,55,62,68
2001,6,56,13,14
2001,7,1,79,85
2001,7,2,8,11
2001,7,4,79,90
2001,7,5,50,56
2001,7,6,307,335
2001,7,8,61,70
2001,7,9,26,30
2001,7,10,10,10
2001,7,11,7,8
2001,7,12,222,249
2001,7,13,127,145
2001,7,15,7,8
2001,7,16,22,27
2001,7,17,108,123
2001,7,18,70,78
2001,7,19,42,44
2001,7,20,35,44
2001,7,21,81,89
2001,7,22,91,99
2001,7,23,20,23
2001,7,24,47,52
2001,7,25,37,40
2001,7,26,127,143
2001,7,27,51,57
2001,7,28,52,55
2001,7,29,111,126
2001,7,30,28,33
2001,7,31,20,23
2001,7,32,30,33
2001,7,33,11,11
2001,7,34,63,70
2001,7,35,41,53
2001,7,36,123,128
2001,7,37,122,131
2001,7,38,14,16
2001,7,39,144,158
2001,7,40,62,66
2001,7,41,43,47
2001,7,42,112,123
2001,7,44,8,8
2001,7,45,89,101
2001,7,46,17,21
2001,7,47,91,100
2001,7,48,293,329
2001,7,49,35,40
2001,7,50,8,8
2001,7,51,69,78
2001,7,53,56,70
2001,7,54,38,41
2001,7,55,63,72
2001,7,56,22,23
2001,8,1,60,62
2001,8,2,7,7
2001,8,4,91,102
2001,8,5,54,60
2001,8,6,328,368
2001,8,8,76,91
2001,8,9,27,28
2001,8,10,13,14
2001,8,11,7,8
2001,8,12,224,253
2001,8,13,135,150
2001,8,15,16,17
2001,8,16,22,25
2001,8,17,123,132
2001,8,18,95,106
2001,8,19,38,40
2001,8,20,54,58
2001,8,21,69,76
2001,8,22,75,84
2001,8,23,23,26
2001,8,24,64,71
2001,8,25,44,45
2001,8,26,126,131
2001,8,27,55,66
2001,8,28,53,58
2001,8,29,78,91
2001,8,30,32,36
2001,8,31,21,24
2001,8,32,18,20
2001,8,33,11,12
2001,8,34,53,60
2001,8,35,43,48
2001,8,36,128,140
2001,8,37,102,113
2001,8,38,10,10
2001,8,39,126,135
2001,8,40,55,66
2001,8,41,48,52
2001,8,42,116,128
2001,8,44,4,5
2001,8,45,94,102
2001,8,46,21,22
2001,8,47,86,94
2001,8,48,308,338
2001,8,49,30,33
2001,8,50,11,12
2001,8,51,74,82
2001,8,53,60,68
2001,8,54,27,28
2001,8,55,78,84
2001,8,56,13,14
2001,9,1,85,96
2001,9,2,5,6
2001,9,4,79,89
2001,9,5,48,53
2001,9,6,344,385
2001,9,8,54,58
2001,9,9,20,20
2001,9,10,12,13
2001,9,11,3,3
2001,9,12,203,222
2001,9,13,130,149
2001,9,15,9,9
2001,9,16,21,22
2001,9,17,140,145
2001,9,18,80,87
2001,9,19,39,46
2001,9,20,40,44
2001,9,21,71,80
2001,9,22,64,66
2001,9,23,15,16
2001,9,24,57,59
2001,9,25,39,41
2001,9,26,125,143
2001,9,27,34,35
2001,9,28,52,61
2001,9,29,72,76
2001,9,30,15,17
2001,9,31,27,32
2001,9,32,29,29
2001,9,33,18,25
2001,9,34,61,66
2001,9,35,30,33
2001,9,36,114,123
2001,9,37,113,119
2001,9,38,16,18
2001,9,39,111,118
2001,9,40,53,61
2001,9,41,38,45
2001,9,42,120,129
2001,9,44,6,6
2001,9,45,79,88
2001,9,46,16,17
2001,9,47,90,99
2001,9,48,240,261
2001,9,49,20,21
2001,9,50,10,10
2001,9,51,79,85
2001,9,53,48,51
2001,9,54,27,29
2001,9,55,78,87
2001,9,56,24,36
2001,10,1,80,88
2001,10,2,5,5
2001,10,4,96,112
2001,10,5,54,58
2001,10,6,278,302
2001,10,8,74,85
2001,10,9,28,33
2001,10,10,13,16
2001,10,11,4,8
2001,10,12,229,245
2001,10,13,162,175
2001,10,15,10,10
2001,10,16,13,14
2001,10,17,115,126
2001,10,18,55,61
2001,10,19,36,39
2001,10,20,34,40
2001,10,21,67,74
2001,10,22,80,90
2001,10,23,13,14
2001,10,24,57,63
2001,10,25,44,44
2001,10,26,105,120
2001,10,27,52,55
2001,10,28,68,77
2001,10,29,84,102
2001,10,30,13,15
2001,10,31,12,16
2001,10,32,39,42
2001,10,33,11,14
2001,10,34,60,62
2001,10,35,36,38
2001,10,36,156,171
2001,10,37,149,172
2001,10,38,13,15
2001,10,39,113,123
2001,10,40,48,59
2001,10,41,45,49
2001,10,42,144,166
2001,10,44,7,7
2001,10,45,91,98
2001,10,46,19,23
2001,10,47,117,128
2001,10,48,287,324
2001,10,49,27,29
2001,10,50,5,5
2001,10,51,95,109
2001,10,53,49,56
2001,10,54,31,34
2001,10,55,59,65
2001,10,56,8,10
2001,11,1,64,66
2001,11,2,6,6
2001,11,4,75,85
2001,11,5,46,51
2001,11,6,285,312
2001,11,8,68,80
2001,11,9,24,24
2001,11,10,9,10
2001,11,11,5,6
2001,11,12,226,246
2001,11,13,117,128
2001,11,15,13,14
2001,11,16,24,26
2001,11,17,116,133
2001,11,18,79,86
2001,11,19,34,42
2001,11,20,41,46
2001,11,21,66,73
2001,11,22,76,82
2001,11,23,13,18
2001,11,24,59,63
2001,11,25,50,50
2001,11,26,98,109
2001,11,27,54,58
2001,11,28,63,72
2001,11,29,90,103
2001,11,30,20,23
2001,11,31,34,35
2001,11,32,20,23
2001,11,33,10,11
2001,11,34,55,64
2001,11,35,38,42
2001,11,36,143,152
2001,11,37,123,137
2001,11,38,5,6
2001,11,39,101,108
2001,11,40,69,82
2001,11,41,43,47
2001,11,42,135,148
2001,11,44,7,8
2001,11,45,85,93
2001,11,46,10,10
2001,11,47,106,126
2001,11,48,289,320
2001,11,49,21,27
2001,11,50,5,8
2001,11,51,72,79
2001,11,53,48,57
2001,11,54,42,45
2001,11,55,75,82
2001,11,56,13,16
2001,12,1,90,104
2001,12,2,6,7
2001,12,4,80,86
2001,12,5,29,31
2001,12,6,326,372
2001,12,8,50,55
2001,12,9,32,37
2001,12,10,13,15
2001,12,11,7,9
2001,12,12,239,268
2001,12,13,137,149
2001,12,15,17,17
2001,12,16,21,22
2001,12,17,101,109
2001,12,18,69,76
2001,12,19,33,40
2001,12,20,28,35
2001,12,21,65,73
2001,12,22,74,83
2001,12,23,18,20
2001,12,24,52,57
2001,12,25,44,47
2001,12,26,93,100
2001,12,27,43,55
2001,12,28,63,71
2001,12,29,93,100
2001,12,30,17,17
2001,12,31,15,17
2001,12,32,24,27
2001,12,33,9,10
2001,12,34,73,81
2001,12,35,36,38
2001,12,36,155,171
2001,12,37,120,138
2001,12,38,2,2
2001,12,39,114,129
2001,12,40,54,60
2001,12,41,32,37
2001,12,42,146,170
2001,12,44,5,5
2001,12,45,76,82
2001,12,46,7,7
2001,12,47,94,105
2001,12,48,297,339
2001,12,49,17,20
2001,12,50,12,13
2001,12,51,69,73
2001,12,53,46,51
2001,12,54,30,31
2001,12,55,71,80
2001,12,56,12,12
2002,1,1,66,69
2002,1,2,9,9
2002,1,4,86,101
2002,1,5,38,43
2002,1,6,273,307
2002,1,8,53,57
2002,1,9,24,24
2002,1,10,10,10
2002,1,11,4,4
2002,1,12,235,259
2002,1,13,98,103
2002,1,15,13,13
2002,1,16,11,13
2002,1,17,117,125
2002,1,18,54,61
2002,1,19,25,26
2002,1,20,38,42
2002,1,21,75,86
2002,1,22,74,85
2002,1,23,17,21
2002,1,24,36,38
2002,1,25,17,18
2002,1,26,100,105
2002,1,27,39,41
2002,1,28,61,65
2002,1,29,77,87
2002,1,30,12,13
2002,1,31,29,34
2002,1,32,34,37
2002,1,33,14,14
2002,1,34,70,75
2002,1,35,26,29
2002,1,36,106,115
2002,1,37,99,106
2002,1,38,7,7
2002,1,39,105,114
2002,1,40,43,47
2002,1,41,30,34
2002,1,42,119,130
2002,1,44,5,6
2002,1,45,62,71
2002,1,46,15,19
2002,1,47,82,95
2002,1,48,279,304
2002,1,49,19,22
2002,1,50,5,7
2002,1,51,72,80
2002,1,53,46,49
2002,1,54,28,34
2002,1,55,58,61
2002,1,56,7,9
2002,2,1,65,67
2002,2,2,2,2
2002,2,4,84,97
2002,2,5,30,31
2002,2,6,241,265
2002,2,8,44,47
2002,2,9,20,22
2002,2,10,12,15
2002,2,11,5,6
2002,2,12,225,260
2002,2,13,95,106
2002,2,15,12,12
2002,2,16,15,17
2002,2,17,78,91
2002,2,18,53,57
2002,2,19,20,20
2002,2,20,26,30
2002,2,21,43,53
2002,2,22,63,73
2002,2,23,8,8
2002,2,24,39,47
2002,2,25,19,22
2002,2,26,83,100
2002,2,27,45,51
2002,2,28,53,66
2002,2,29,78,85
2002,2,30,8,10
2002,2,31,16,16
2002,2,32,23,25
2002,2,33,7,7
2002,2,34,50,52
2002,2,35,31,37
2002,2,36,85,85
2002,2,37,114,126
2002,2,38,6,7
2002,2,39,67,77
2002,2,40,36,39
2002,2,41,40,44
2002,2,42,97,106
2002,2,44,4,4
2002,2,45,61,67
2002,2,46,14,14
2002,2,47,66,72
2002,2,48,233,271
2002,2,49,14,17
2002,2,50,5,6
2002,2,51,67,78
2002,2,53,45,52
2002,2,54,17,20
2002,2,55,42,44
2002,2,56,3,4
2002,3,1,95,114
2002,3,2,6,6
2002,3,4,84,95
2002,3,5,49,55
2002,3,6,319,355
2002,3,8,48,55
2002,3,9,23,26
2002,3,10,8,8
2002,3,11,3,3
2002,3,12,263,290
2002,3,13,125,137
2002,3,15,7,7
2002,3,16,24,25
2002,3,17,78,92
2002,3,18,53,63
2002,3,19,20,24
2002,3,20,17,19
2002,3,21,63,74
2002,3,22,68,76
2002,3,23,16,18
2002,3,24,50,55
2002,3,25,37,40
2002,3,26,77,81
2002,3,27,33,34
2002,3,28,71,85
2002,3,29,73,83
2002,3,30,9,11
2002,3,31,24,28
2002,3,32,24,27
2002,3,33,5,5
2002,3,34,52,56
2002,3,35,25,36
2002,3,36,101,113
2002,3,37,116,135
2002,3,38,3,4
2002,3,39,92,106
2002,3,40,48,62
2002,3,41,35,38
2002,3,42,125,147
2002,3,44,7,7
2002,3,45,76,91
2002,3,46,12,12
2002,3,47,85,97
2002,3,48,294,334
2002,3,49,16,18
2002,3,50,4,4
2002,3,51,71,78
2002,3,53,44,48
2002,3,54,26,28
2002,3,55,43,53
2002,3,56,10,11
2002,4,1,69,74
2002,4,2,3,3
2002,4,4,83,90
2002,4,5,47,49
2002,4,6,285,309
2002,4,8,39,42
2002,4,9,22,23
2002,4,10,6,6
2002,4,11,5,6
2002,4,12,243,287
2002,4,13,104,112
2002,4,15,11,11
2002,4,16,18,21
2002,4,17,89,103
2002,4,18,52,57
2002,4,19,25,27
2002,4,20,32,37
2002,4,21,64,65
2002,4,22,54,59
2002,4,23,9,10
2002,4,24,42,47
2002,4,25,39,41
2002,4,26,90,93
2002,4,27,45,48
2002,4,28,78,86
2002,4,29,68,75
2002,4,30,11,12
2002,4,31,23,30
2002,4,32,21,25
2002,4,33,6,6
2002,4,34,54,61
2002,4,35,34,35
2002,4,36,91,98
2002,4,37,118,136
2002,4,38,5,7
2002,4,39,86,95
2002,4,40,42,47
2002,4,41,18,22
2002,4,42,118,128
2002,4,44,4,5
2002,4,45,81,92
2002,4,46,9,9
2002,4,47,95,108
2002,4,48,246,279
2002,4,49,20,20
2002,4,50,3,3
2002,4,51,69,72
2002,4,53,47,52
2002,4,54,38,42
2002,4,55,51,55
2002,4,56,11,11
2002,5,1,90,97
2002,5,2,6,6
2002,5,4,81,93
2002,5,5,42,49
2002,5,6,312,344
2002,5,8,69,78
2002,5,9,21,21
2002,5,10,4,4
2002,5,11,4,4
2002,5,12,220,240
2002,5,13,124,139
2002,5,15,5,5
2002,5,16,16,19
2002,5,17,111,127
2002,5,18,61,69
2002,5,19,32,34
2002,5,20,35,39
2002,5,21,77,89
2002,5,22,74,80
2002,5,23,19,20
2002,5,24,49,53
2002,5,25,51,54
2002,5,26,98,112
2002,5,27,43,51
2002,5,28,61,71
2002,5,29,80,87
2002,5,30,23,25
2002,5,31,27,29
2002,5,32,27,33
2002,5,33,11,16
2002,5,34,42,47
2002,5,35,26,28
2002,5,36,123,130
2002,5,37,109,125
2002,5,38,7,8
2002,5,39,101,109
2002,5,40,59,68
2002,5,41,30,34
2002,5,42,117,126
2002,5,44,5,5
2002,5,45,85,93
2002,5,46,20,23
2002,5,47,88,98
2002,5,48,344,407
2002,5,49,24,28
2002,5,50,3,3
2002,5,51,71,75
2002,5,53,49,53
2002,5,54,41,43
2002,5,55,53,59
2002,5,56,17,22
2002,6,1,85,94
2002,6,2,7,7
2002,6,4,80,98
2002,6,5,48,57
2002,6,6,298,346
2002,6,8,65,76
2002,6,9,19,19
2002,6,10,5,6
2002,6,11,5,7
2002,6,12,221,247
2002,6,13,95,105
2002,6,15,6,7
2002,6,16,27,28
2002,6,17,107,115
2002,6,18,75,81
2002,6,19,45,52
2002,6,20,40,47
2002,6,21,73,80
2002,6,22,82,92
2002,6,23,20,20
2002,6,24,58,63
2002,6,25,39,39
2002,6,26,105,114
2002,6,27,60,71
2002,6,28,67,73
2002,6,29,120,133
2002,6,30,31,35
2002,6,31,16,17
2002,6,32,33,35
2002,6,33,17,18
2002,6,34,65,73
2002,6,35,43,45
2002,6,36,125,145
2002,6,37,132,151
2002,6,38,5,7
2002,6,39,104,114
2002,6,40,55,64
2002,6,41,36,46
2002,6,42,125,138
2002,6,44,5,5
2002,6,45,97,102
2002,6,46,13,18
2002,6,47,100,115
2002,6,48,305,357
2002,6,49,17,19
2002,6,50,7,8
2002,6,51,70,78
2002,6,53,46,52
2002,6,54,27,28
2002,6,55,77,83
2002,6,56,14,15
2002,7,1,94,109
2002,7,2,7,8
2002,7,4,86,99
2002,7,5,45,53
2002,7,6,353,410
2002,7,8,60,68
2002,7,9,26,29
2002,7,10,15,16
2002,7,11,2,2
2002,7,12,203,235
2002,7,13,136,159
2002,7,15,14,14
2002,7,16,28,37
2002,7,17,132,155
2002,7,18,63,71
2002,7,19,39,41
2002,7,20,49,55
2002,7,21,75,88
2002,7,22,65,74
2002,7,23,21,24
2002,7,24,62,67
2002,7,25,42,43
2002,7,26,121,137
2002,7,27,45,56
2002,7,28,67,73
2002,7,29,97,112
2002,7,30,22,24
2002,7,31,22,24
2002,7,32,19,23
2002,7,33,8,8
2002,7,34,61,71
2002,7,35,41,46
2002,7,36,147,162
2002,7,37,115,123
2002,7,38,9,11
2002,7,39,120,133
2002,7,40,72,84
2002,7,41,36,39
2002,7,42,130,148
2002,7,44,11,12
2002,7,45,91,98
2002,7,46,13,14
2002,7,47,83,92
2002,7,48,285,334
2002,7,49,34,44
2002,7,50,8,10
2002,7,51,59,67
2002,7,53,56,67
2002,7,54,38,42
2002,7,55,74,82
2002,7,56,22,24
2002,8,1,70,75
2002,8,2,5,6
2002,8,4,71,93
2002,8,5,60,73
2002,8,6,329,376
2002,8,8,85,89
2002,8,9,25,26
2002,8,10,14,15
2002,8,11,4,4
2002,8,12,221,242
2002,8,13,120,142
2002,8,15,6,6
2002,8,16,21,25
2002,8,17,106,114
2002,8,18,65,76
2002,8,19,25,27
2002,8,20,50,55
2002,8,21,72,77
2002,8,22,58,63
2002,8,23,20,21
2002,8,24,69,74
2002,8,25,51,55
2002,8,26,108,110
2002,8,27,65,68
2002,8,28,56,75
2002,8,29,96,104
2002,8,30,28,37
2002,8,31,27,31
2002,8,32,38,47
2002,8,33,12,13
2002,8,34,54,59
2002,8,35,37,43
2002,8,36,159,165
2002,8,37,137,147
2002,8,38,9,10
2002,8,39,147,164
2002,8,40,71,82
2002,8,41,33,37
2002,8,42,139,150
2002,8,44,12,12
2002,8,45,82,86
2002,8,46,16,19
2002,8,47,101,109
2002,8,48,282,308
2002,8,49,30,36
2002,8,50,9,9
2002,8,51,77,87
2002,8,53,57,69
2002,8,54,41,44
2002,8,55,70,79
2002,8,56,20,22
2002,9,1,68,79
2002,9,2,6,6
2002,9,4,79,92
2002,9,5,63,72
2002,9,6,311,347
2002,9,8,51,53
2002,9,9,29,29
2002,9,10,10,11
2002,9,11,3,3
2002,9,12,222,242
2002,9,13,96,108
2002,9,15,8,10
2002,9,16,26,27
2002,9,17,132,141
2002,9,18,64,66
2002,9,19,48,52
2002,9,20,44,51
2002,9,21,68,78
2002,9,22,72,80
2002,9,23,14,28
2002,9,24,44,49
2002,9,25,50,51
2002,9,26,86,96
2002,9,27,52,53
2002,9,28,74,87
2002,9,29,114,132
2002,9,30,28,33
2002,9,31,17,20
2002,9,32,23,29
2002,9,33,8,9
2002,9,34,75,82
2002,9,35,37,41
2002,9,36,126,139
2002,9,37,104,111
2002,9,38,16,17
2002,9,39,136,151
2002,9,40,51,61
2002,9,41,41,41
2002,9,42,135,147
2002,9,44,8,8
2002,9,45,70,81
2002,9,46,11,11
2002,9,47,94,102
2002,9,48,284,319
2002,9,49,31,36
2002,9,50,5,5
2002,9,51,71,74
2002,9,53,53,60
2002,9,54,39,48
2002,9,55,69,75
2002,9,56,9,11
2002,10,1,72,81
2002,10,2,9,11
2002,10,4,95,102
2002,10,5,51,58
2002,10,6,320,355
2002,10,8,60,65
2002,10,9,41,43
2002,10,10,10,11
2002,10,11,4,4
2002,10,12,255,272
2002,10,13,142,156
2002,10,15,14,14
2002,10,16,18,21
2002,10,17,96,101
2002,10,18,65,73
2002,10,19,28,30
2002,10,20,44,47
2002,10,21,67,81
2002,10,22,79,87
2002,10,23,17,18
2002,10,24,50,58
2002,10,25,25,25
2002,10,26,110,117
2002,10,27,60,68
2002,10,28,54,62
2002,10,29,94,98
2002,10,30,16,16
2002,10,31,29,31
2002,10,32,33,39
2002,10,33,6,6
2002,10,34,77,87
2002,10,35,33,35
2002,10,36,110,116
2002,10,37,132,142
2002,10,38,4,4
2002,10,39,116,126
2002,10,40,55,66
2002,10,41,28,30
2002,10,42,117,132
2002,10,44,6,6
2002,10,45,69,81
2002,10,46,13,15
2002,10,47,84,88
2002,10,48,270,317
2002,10,49,29,38
2002,10,50,4,4
2002,10,51,86,93
2002,10,53,50,54
2002,10,54,36,38
2002,10,55,60,76
2002,10,56,13,13
2002,11,1,71,78
2002,11,2,9,14
2002,11,4,81,86
2002,11,5,40,50
2002,11,6,301,331
2002,11,8,59,63
2002,11,9,29,36
2002,11,10,11,11
2002,11,11,3,3
2002,11,12,241,269
2002,11,13,105,115
2002,11,15,10,11
2002,11,16,9,9
2002,11,17,120,130
2002,11,18,51,54
2002,11,19,30,36
2002,11,20,34,41
2002,11,21,60,65
2002,11,22,70,79
2002,11,23,14,14
2002,11,24,51,53
2002,11,25,28,32
2002,11,26,92,102
2002,11,27,40,42
2002,11,28,63,74
2002,11,29,92,105
2002,11,30,24,27
2002,11,31,17,17
2002,11,32,23,26
2002,11,33,12,14
2002,11,34,48,51
2002,11,35,37,41
2002,11,36,116,130
2002,11,37,133,146
2002,11,38,8,9
2002,11,39,110,125
2002,11,40,60,69
2002,11,41,29,37
2002,11,42,120,130
2002,11,44,8,8
2002,11,45,81,88
2002,11,46,11,12
2002,11,47,95,108
2002,11,48,263,298
2002,11,49,24,27
2002,11,50,7,8
2002,11,51,52,56
2002,11,53,46,49
2002,11,54,38,41
2002,11,55,59,66
2002,11,56,14,22
2002,12,1,86,101
2002,12,2,9,11
2002,12,4,74,86
2002,12,5,43,50
2002,12,6,312,343
2002,12,8,44,50
2002,12,9,22,27
2002,12,10,9,11
2002,12,11,1,1
2002,12,12,261,293
2002,12,13,122,142
2002,12,15,9,9
2002,12,16,17,22
2002,12,17,107,126
2002,12,18,58,64
2002,12,19,35,36
2002,12,20,36,44
2002,12,21,73,79
2002,12,22,57,59
2002,12,23,11,14
2002,12,24,54,57
2002,12,25,35,39
2002,12,26,103,110
2002,12,27,63,74
2002,12,28,64,68
2002,12,29,93,107
2002,12,30,20,26
2002,12,31,25,30
2002,12,32,32,35
2002,12,33,11,11
2002,12,34,50,57
2002,12,35,28,33
2002,12,36,122,132
2002,12,37,118,128
2002,12,38,5,6
2002,12,39,101,104
2002,12,40,47,50
2002,12,41,32,34
2002,12,42,120,132
2002,12,44,6,6
2002,12,45,94,103
2002,12,46,12,14
2002,12,47,85,93
2002,12,48,263,295
2002,12,49,16,23
2002,12,50,9,11
2002,12,51,65,76
2002,12,53,47,53
2002,12,54,31,31
2002,12,55,65,70
2002,12,56,11,12
2003,1,1,65,74
2003,1,2,7,9
2003,1,4,77,84
2003,1,5,33,39
2003,1,6,283,316
2003,1,8,38,41
2003,1,9,26,30
2003,1,10,7,7
2003,1,11,4,4
2003,1,12,228,252
2003,1,13,88,91
2003,1,15,9,9
2003,1,16,15,16
2003,1,17,106,115
2003,1,18,57,64
2003,1,19,30,40
2003,1,20,23,24
2003,1,21,56,60
2003,1,22,61,68
2003,1,23,9,10
2003,1,24,45,50
2003,1,25,32,34
2003,1,26,94,97
2003,1,27,59,65
2003,1,28,46,49
2003,1,29,79,86
2003,1,30,18,21
2003,1,31,22,23
2003,1,32,32,33
2003,1,33,5,7
2003,1,34,56,60
2003,1,35,31,35
2003,1,36,117,119
2003,1,37,93,105
2003,1,38,5,7
2003,1,39,97,106
2003,1,40,36,42
2003,1,41,28,31
2003,1,42,115,121
2003,1,44,6,7
2003,1,45,44,46
2003,1,46,13,18
2003,1,47,61,68
2003,1,48,219,242
2003,1,49,20,22
2003,1,50,4,4
2003,1,51,56,61
2003,1,53,40,46
2003,1,54,24,25
2003,1,55,59,61
2003,1,56,8,8
2003,2,1,59,64
2003,2,2,5,5
2003,2,4,63,76
2003,2,5,39,45
2003,2,6,265,306
2003,2,8,42,48
2003,2,9,13,13
2003,2,10,7,7
2003,2,11,1,3
2003,2,12,218,243
2003,2,13,101,112
2003,2,15,9,11
2003,2,16,9,11
2003,2,17,91,100
2003,2,18,65,73
2003,2,19,23,28
2003,2,20,29,33
2003,2,21,47,50
2003,2,22,59,74
2003,2,23,14,16
2003,2,24,40,42
2003,2,25,23,23
2003,2,26,78,80
2003,2,27,26,28
2003,2,28,55,60
2003,2,29,62,76
2003,2,30,12,13
2003,2,31,14,15
2003,2,32,26,26
2003,2,33,5,5
2003,2,34,43,46
2003,2,35,22,26
2003,2,36,67,75
2003,2,37,61,64
2003,2,38,1,1
2003,2,39,74,79
2003,2,40,45,49
2003,2,41,27,27
2003,2,42,91,100
2003,2,44,6,6
2003,2,45,57,60
2003,2,46,14,16
2003,2,47,77,82
2003,2,48,217,248
2003,2,49,15,15
2003,2,50,5,5
2003,2,51,63,66
2003,2,53,36,41
2003,2,54,20,20
2003,2,55,45,53
2003,2,56,5,8
2003,3,1,62,67
2003,3,2,8,8
2003,3,4,78,85
2003,3,5,36,38
2003,3,6,292,324
2003,3,8,34,39
2003,3,9,23,25
2003,3,10,7,8
2003,3,11,2,2
2003,3,12,269,301
2003,3,13,118,131
2003,3,15,5,9
2003,3,16,21,24
2003,3,17,91,103
2003,3,18,43,47
2003,3,19,24,29
2003,3,20,43,47
2003,3,21,71,79
2003,3,22,52,58
2003,3,23,14,17
2003,3,24,39,49
2003,3,25,38,42
2003,3,26,78,88
2003,3,27,40,41
2003,3,28,58,64
2003,3,29,67,72
2003,3,30,11,11
2003,3,31,14,16
2003,3,32,20,22
2003,3,33,7,8
2003,3,34,47,51
2003,3,35,24,30
2003,3,36,87,96
2003,3,37,99,112
2003,3,38,3,3
2003,3,39,73,76
2003,3,40,46,57
2003,3,41,35,42
2003,3,42,108,119
2003,3,44,10,14
2003,3,45,57,63
2003,3,46,12,15
2003,3,47,92,96
2003,3,48,270,314
2003,3,49,14,16
2003,3,50,5,5
2003,3,51,64,72
2003,3,53,34,35
2003,3,54,30,33
2003,3,55,54,60
2003,3,56,7,7
2003,4,1,68,72
2003,4,2,4,5
2003,4,4,81,91
2003,4,5,50,55
2003,4,6,280,318
2003,4,8,50,54
2003,4,9,20,21
2003,4,10,12,13
2003,4,11,5,5
2003,4,12,258,282
2003,4,13,119,134
2003,4,15,9,10
2003,4,16,21,23
2003,4,17,100,112
2003,4,18,44,46
2003,4,19,33,35
2003,4,20,39,42
2003,4,21,70,78
2003,4,22,70,79
2003,4,23,12,15
2003,4,24,38,40
2003,4,25,42,43
2003,4,26,92,100
2003,4,27,54,56
2003,4,28,72,83
2003,4,29,95,117
2003,4,30,11,11
2003,4,31,23,27
2003,4,32,19,21
2003,4,33,6,6
2003,4,34,47,50
2003,4,35,30,33
2003,4,36,106,117
2003,4,37,106,118
2003,4,38,5,6
2003,4,39,90,102
2003,4,40,46,48
2003,4,41,35,41
2003,4,42,115,132
2003,4,44,7,8
2003,4,45,75,84
2003,4,46,11,12
2003,4,47,84,92
2003,4,48,282,319
2003,4,49,22,22
2003,4,50,4,6
2003,4,51,85,94
2003,4,53,39,40
2003,4,54,34,37
2003,4,55,62,74
2003,4,56,15,18
2003,5,1,74,82
2003,5,2,6,6
2003,5,4,83,107
2003,5,5,46,54
2003,5,6,279,310
2003,5,8,48,51
2003,5,9,27,29
2003,5,10,12,12
2003,5,11,8,9
2003,5,12,248,267
2003,5,13,124,131
2003,5,15,13,13
2003,5,16,29,32
2003,5,17,105,118
2003,5,18,67,70
2003,5,19,34,38
2003,5,20,31,35
2003,5,21,71,82
2003,5,22,84,95
2003,5,23,18,21
2003,5,24,46,51
2003,5,25,25,31
2003,5,26,80,84
2003,5,27,59,72
2003,5,28,68,71
2003,5,29,105,121
2003,5,30,20,20
2003,5,31,18,25
2003,5,32,32,39
2003,5,33,11,11
2003,5,34,54,70
2003,5,35,33,35
2003,5,36,88,98
2003,5,37,119,134
2003,5,38,11,11
2003,5,39,79,93
2003,5,40,41,49
2003,5,41,32,38
2003,5,42,99,109
2003,5,44,6,7
2003,5,45,94,101
2003,5,46,22,24
2003,5,47,98,104
2003,5,48,307,339
2003,5,49,19,20
2003,5,51,73,77
2003,5,53,33,38
2003,5,54,30,34
2003,5,55,72,74
2003,5,56,9,12
2003,6,1,78,96
2003,6,2,7,7
2003,6,4,76,84
2003,6,5,39,44
2003,6,6,319,368
2003,6,8,64,74
2003,6,9,27,28
2003,6,10,16,16
2003,6,11,7,7
2003,6,12,219,239
2003,6,13,118,131
2003,6,15,9,10
2003,6,16,32,35
2003,6,17,113,123
2003,6,18,70,75
2003,6,19,33,40
2003,6,20,40,43
2003,6,21,78,86
2003,6,22,61,66
2003,6,23,14,14
2003,6,24,51,54
2003,6,25,36,37
2003,6,26,84,96
2003,6,27,45,49
2003,6,28,60,69
2003,6,29,88,95
2003,6,30,24,27
2003,6,31,26,31
2003,6,32,30,33
2003,6,33,15,16
2003,6,34,76,88
2003,6,35,30,39
2003,6,36,120,135
2003,6,37,138,152
2003,6,38,4,4
2003,6,39,119,130
2003,6,40,54,65
2003,6,41,36,43
2003,6,42,136,151
2003,6,44,8,8
2003,6,45,80,83
2003,6,46,10,11
2003,6,47,91,101
2003,6,48,280,305
2003,6,49,31,39
2003,6,50,6,6
2003,6,51,68,74
2003,6,53,54,59
2003,6,54,32,34
2003,6,55,79,86
2003,6,56,16,21
2003,7,1,77,83
2003,7,2,10,14
2003,7,4,83,93
2003,7,5,60,70
2003,7,6,311,370
2003,7,8,60,74
2003,7,9,21,21
2003,7,10,12,12
2003,7,11,7,8
2003,7,12,223,247
2003,7,13,129,143
2003,7,15,9,10
2003,7,16,28,33
2003,7,17,158,183
2003,7,18,73,81
2003,7,19,35,40
2003,7,20,43,49
2003,7,21,68,74
2003,7,22,80,100
2003,7,23,23,25
2003,7,24,59,62
2003,7,25,38,39
2003,7,26,117,132
2003,7,27,52,64
2003,7,28,68,78
2003,7,29,113,121
2003,7,30,28,34
2003,7,31,25,32
2003,7,32,28,30
2003,7,33,11,12
2003,7,34,56,59
2003,7,35,40,55
2003,7,36,132,152
2003,7,37,119,128
2003,7,38,10,10
2003,7,39,96,108
2003,7,40,59,64
2003,7,41,44,55
2003,7,42,129,148
2003,7,44,12,12
2003,7,45,76,80
2003,7,46,17,19
2003,7,47,108,124
2003,7,48,269,325
2003,7,49,29,38
2003,7,50,8,8
2003,7,51,79,87
2003,7,53,58,64
2003,7,54,36,43
2003,7,55,80,89
2003,7,56,14,16
2003,8,1,88,96
2003,8,2,8,12
2003,8,4,83,98
2003,8,5,75,89
2003,8,6,329,372
2003,8,8,54,59
2003,8,9,24,27
2003,8,10,10,12
2003,8,11,7,7
2003,8,12,234,254
2003,8,13,134,141
2003,8,15,7,9
2003,8,16,23,27
2003,8,17,132,144
2003,8,18,73,78
2003,8,19,47,52
2003,8,20,41,46
2003,8,21,87,90
2003,8,22,73,79
2003,8,23,20,23
2003,8,24,59,63
2003,8,25,39,40
2003,8,26,115,127
2003,8,27,56,64
2003,8,28,82,93
2003,8,29,120,140
2003,8,30,35,38
2003,8,31,24,25
2003,8,32,26,27
2003,8,33,13,14
2003,8,34,71,80
2003,8,35,33,39
2003,8,36,133,141
2003,8,37,135,151
2003,8,38,11,12
2003,8,39,130,136
2003,8,40,63,69
2003,8,41,37,53
2003,8,42,142,155
2003,8,44,7,8
2003,8,45,70,75
2003,8,46,30,37
2003,8,47,82,88
2003,8,48,308,355
2003,8,49,31,39
2003,8,50,7,7
2003,8,51,81,88
2003,8,53,56,62
2003,8,54,45,48
2003,8,55,62,78
2003,8,56,20,22
2003,9,1,82,86
2003,9,2,8,8
2003,9,4,81,95
2003,9,5,49,52
2003,9,6,347,395
2003,9,8,48,55
2003,9,9,29,31
2003,9,10,10,10
2003,9,11,7,7
2003,9,12,234,256
2003,9,13,124,138
2003,9,15,10,10
2003,9,16,19,23
2003,9,17,104,119
2003,9,18,86,102
2003,9,19,40,46
2003,9,20,31,37
2003,9,21,71,79
2003,9,22,71,75
2003,9,23,19,20
2003,9,24,54,59
2003,9,25,43,45
2003,9,26,98,111
2003,9,27,52,58
2003,9,28,72,76
2003,9,29,84,92
2003,9,30,24,24
2003,9,31,20,21
2003,9,32,21,22
2003,9,33,13,13
2003,9,34,53,56
2003,9,35,30,33
2003,9,36,124,135
2003,9,37,111,121
2003,9,38,13,13
2003,9,39,85,92
2003,9,40,44,49
2003,9,41,40,44
2003,9,42,124,133
2003,9,44,9,9
2003,9,45,94,100
2003,9,46,11,15
2003,9,47,104,114
2003,9,48,285,324
2003,9,49,25,31
2003,9,50,6,7
2003,9,51,77,87
2003,9,53,58,67
2003,9,54,23,26
2003,9,55,66,70
2003,9,56,12,16
2003,10,1,83,97
2003,10,2,8,8
2003,10,4,90,101
2003,10,5,42,49
2003,10,6,357,389
2003,10,8,40,46
2003,10,9,27,31
2003,10,10,9,9
2003,10,11,3,3
2003,10,12,243,276
2003,10,13,139,152
2003,10,15,16,19
2003,10,16,24,27
2003,10,17,119,136
2003,10,18,53,59
2003,10,19,35,40
2003,10,20,39,45
2003,10,21,88,100
2003,10,22,67,80
2003,10,23,15,15
2003,10,24,50,58
2003,10,25,40,43
2003,10,26,112,122
2003,10,27,55,63
2003,10,28,75,88
2003,10,29,110,119
2003,10,30,20,20
2003,10,31,32,36
2003,10,32,31,33
2003,10,33,9,10
2003,10,34,58,63
2003,10,35,34,42
2003,10,36,132,140
2003,10,37,144,158
2003,10,38,13,14
2003,10,39,133,143
2003,10,40,65,71
2003,10,41,34,38
2003,10,42,138,148
2003,10,44,8,8
2003,10,45,95,101
2003,10,46,8,9
2003,10,47,106,114
2003,10,48,295,328
2003,10,49,23,25
2003,10,50,7,9
2003,10,51,69,76
2003,10,53,51,57
2003,10,54,41,43
2003,10,55,68,75
2003,10,56,14,14
2003,11,1,85,98
2003,11,2,9,9
2003,11,4,91,108
2003,11,5,47,52
2003,11,6,337,382
2003,11,8,52,56
2003,11,9,18,18
2003,11,10,20,22
2003,11,11,5,5
2003,11,12,263,288
2003,11,13,140,149
2003,11,15,8,9
2003,11,16,15,16
2003,11,17,104,110
2003,11,18,75,84
2003,11,19,26,27
2003,11,20,34,39
2003,11,21,77,85
2003,11,22,74,78
2003,11,23,15,17
2003,11,24,64,70
2003,11,25,40,42
2003,11,26,115,130
2003,11,27,44,47
2003,11,28,69,74
2003,11,29,97,109
2003,11,30,20,23
2003,11,31,25,27
2003,11,32,36,43
2003,11,33,13,15
2003,11,34,57,60
2003,11,35,36,42
2003,11,36,153,167
2003,11,37,135,152
2003,11,38,10,13
2003,11,39,92,104
2003,11,40,52,62
2003,11,41,34,45
2003,11,42,131,147
2003,11,44,12,12
2003,11,45,82,87
2003,11,46,13,15
2003,11,47,106,114
2003,11,48,307,340
2003,11,49,15,17
2003,11,50,7,7
2003,11,51,68,77
2003,11,53,36,43
2003,11,54,21,22
2003,11,55,67,74
2003,11,56,9,9
2003,12,1,81,89
2003,12,2,7,7
2003,12,4,87,96
2003,12,5,47,53
2003,12,6,332,374
2003,12,8,40,45
2003,12,9,22,24
2003,12,10,11,14
2003,12,11,7,7
2003,12,12,237,264
2003,12,13,129,150
2003,12,15,11,14
2003,12,16,25,26
2003,12,17,85,91
2003,12,18,47,54
2003,12,19,23,28
2003,12,20,26,29
2003,12,21,61,65
2003,12,22,74,88
2003,12,23,13,14
2003,12,24,49,52
2003,12,25,38,43
2003,12,26,109,116
2003,12,27,41,48
2003,12,28,61,67
2003,12,29,75,84
2003,12,30,16,20
2003,12,31,14,15
2003,12,32,34,39
2003,12,33,8,10
2003,12,34,46,50
2003,12,35,24,30
2003,12,36,109,118
2003,12,37,136,158
2003,12,38,9,11
2003,12,39,97,105
2003,12,40,44,46
2003,12,41,47,55
2003,12,42,105,114
2003,12,44,5,5
2003,12,45,81,89
2003,12,46,12,12
2003,12,47,82,96
2003,12,48,329,382
2003,12,49,18,25
2003,12,50,4,5
2003,12,51,78,84
2003,12,53,44,48
2003,12,54,26,29
2003,12,55,47,54
2003,12,56,12,14
2004,1,1,83,94
2004,1,2,8,8
2004,1,4,74,82
2004,1,5,44,47
2004,1,6,301,324
2004,1,8,49,54
2004,1,9,21,21
2004,1,10,9,12
2004,1,11,4,5
2004,1,12,254,277
2004,1,13,110,125
2004,1,15,10,11
2004,1,16,15,15
2004,1,17,90,95
2004,1,18,50,54
2004,1,19,27,34
2004,1,20,24,30
2004,1,21,48,52
2004,1,22,65,76
2004,1,23,24,25
2004,1,24,44,51
2004,1,25,36,40
2004,1,26,76,81
2004,1,27,35,41
2004,1,28,55,56
2004,1,29,72,85
2004,1,30,8,10
2004,1,31,17,17
2004,1,32,24,27
2004,1,33,14,15
2004,1,34,49,52
2004,1,35,30,31
2004,1,36,116,126
2004,1,37,102,112
2004,1,38,8,8
2004,1,39,99,108
2004,1,40,59,72
2004,1,41,18,21
2004,1,42,119,134
2004,1,44,6,6
2004,1,45,81,90
2004,1,46,7,7
2004,1,47,80,90
2004,1,48,265,300
2004,1,49,9,9
2004,1,50,4,4
2004,1,51,62,67
2004,1,53,35,37
2004,1,54,29,30
2004,1,55,63,75
2004,1,56,7,8
2004,2,1,63,77
2004,2,2,3,3
2004,2,4,76,86
2004,2,5,47,59
2004,2,6,272,306
2004,2,8,48,54
2004,2,9,22,24
2004,2,10,15,16
2004,2,11,2,2
2004,2,12,229,254
2004,2,13,105,119
2004,2,15,14,19
2004,2,16,11,11
2004,2,17,75,87
2004,2,18,57,62
2004,2,19,14,15
2004,2,20,15,16
2004,2,21,52,62
2004,2,22,58,65
2004,2,23,9,9
2004,2,24,23,26
2004,2,25,32,35
2004,2,26,62,68
2004,2,27,23,27
2004,2,28,67,80
2004,2,29,70,76
2004,2,30,11,13
2004,2,31,18,22
2004,2,32,24,26
2004,2,33,4,4
2004,2,34,47,49
2004,2,35,30,35
2004,2,36,83,90
2004,2,37,88,102
2004,2,38,8,10
2004,2,39,81,85
2004,2,40,42,56
2004,2,41,25,30
2004,2,42,85,89
2004,2,44,2,2
2004,2,45,68,76
2004,2,46,7,11
2004,2,47,80,89
2004,2,48,251,280
2004,2,49,14,15
2004,2,50,5,7
2004,2,51,67,75
2004,2,53,27,28
2004,2,54,23,26
2004,2,55,35,37
2004,2,56,8,10
2004,3,1,90,99
2004,3,2,3,3
2004,3,4,80,90
2004,3,5,36,42
2004,3,6,279,312
2004,3,8,55,59
2004,3,9,19,19
2004,3,10,8,8
2004,3,11,6,6
2004,3,12,282,310
2004,3,13,122,135
2004,3,15,9,14
2004,3,16,16,16
2004,3,17,92,103
2004,3,18,55,60
2004,3,19,14,14
2004,3,20,28,35
2004,3,21,57,63
2004,3,22,85,93
2004,3,23,11,11
2004,3,24,55,61
2004,3,25,28,29
2004,3,26,60,63
2004,3,27,29,33
2004,3,28,54,63
2004,3,29,74,87
2004,3,30,15,15
2004,3,31,11,13
2004,3,32,28,31
2004,3,33,9,10
2004,3,34,45,48
2004,3,35,26,29
2004,3,36,92,104
2004,3,37,96,101
2004,3,38,5,5
2004,3,39,78,86
2004,3,40,55,62
2004,3,41,28,31
2004,3,42,91,104
2004,3,44,8,8
2004,3,45,65,72
2004,3,46,11,12
2004,3,47,91,108
2004,3,48,263,291
2004,3,49,27,28
2004,3,50,5,5
2004,3,51,55,62
2004,3,53,47,60
2004,3,54,27,32
2004,3,55,44,52
2004,3,56,8,10
2004,4,1,99,112
2004,4,2,6,7
2004,4,4,93,114
2004,4,5,49,57
2004,4,6,313,352
2004,4,8,38,44
2004,4,9,13,13
2004,4,10,5,5
2004,4,11,8,8
2004,4,12,240,272
2004,4,13,131,147
2004,4,15,7,9
2004,4,16,16,16
2004,4,17,110,120
2004,4,18,73,84
2004,4,19,24,25
2004,4,20,26,31
2004,4,21,68,77
2004,4,22,91,105
2004,4,23,10,10
2004,4,24,44,47
2004,4,25,30,32
2004,4,26,69,81
2004,4,27,47,50
2004,4,28,78,85
2004,4,29,76,84
2004,4,30,11,11
2004,4,31,18,18
2004,4,32,24,26
2004,4,33,5,6
2004,4,34,44,44
2004,4,35,40,56
2004,4,36,93,105
2004,4,37,105,123
2004,4,38,3,3
2004,4,39,85,92
2004,4,40,53,61
2004,4,41,28,37
2004,4,42,106,118
2004,4,44,4,4
2004,4,45,70,76
2004,4,46,14,15
2004,4,47,91,102
2004,4,48,265,295
2004,4,49,17,20
2004,4,50,4,4
2004,4,51,53,61
2004,4,53,42,43
2004,4,54,25,25
2004,4,55,46,49
2004,4,56,16,17
2004,5,1,99,109
2004,5,2,9,9
2004,5,4,94,99
2004,5,5,55,61
2004,5,6,324,354
2004,5,8,55,63
2004,5,9,33,33
2004,5,10,12,12
2004,5,11,4,4
2004,5,12,234,257
2004,5,13,138,148
2004,5,15,8,8
2004,5,16,17,19
2004,5,17,102,113
2004,5,18,68,74
2004,5,19,33,34
2004,5,20,43,51
2004,5,21,77,87
2004,5,22,74,86
2004,5,23,12,18
2004,5,24,54,61
2004,5,25,42,48
2004,5,26,90,97
2004,5,27,41,46
2004,5,28,82,96
2004,5,29,91,110
2004,5,30,22,24
2004,5,31,24,30
2004,5,32,32,36
2004,5,33,12,12
2004,5,34,58,60
2004,5,35,36,44
2004,5,36,112,115
2004,5,37,134,150
2004,5,38,7,8
2004,5,39,103,118
2004,5,40,70,78
2004,5,41,33,38
2004,5,42,125,136
2004,5,44,9,9
2004,5,45,100,107
2004,5,46,12,14
2004,5,47,118,134
2004,5,48,288,320
2004,5,49,23,25
2004,5,50,6,7
2004,5,51,80,86
2004,5,53,45,50
2004,5,54,28,29
2004,5,55,56,58
2004,5,56,14,18
2004,6,1,71,83
2004,6,2,12,12
2004,6,4,64,87
2004,6,5,58,63
2004,6,6,301,334
2004,6,8,49,57
2004,6,9,24,25
2004,6,10,6,7
2004,6,11,2,2
2004,6,12,239,274
2004,6,13,106,121
2004,6,15,10,10
2004,6,16,21,24
2004,6,17,115,130
2004,6,18,75,84
2004,6,19,39,41
2004,6,20,43,55
2004,6,21,87,107
2004,6,22,61,69
2004,6,23,18,18
2004,6,24,50,56
2004,6,25,45,46
2004,6,26,97,106
2004,6,27,48,49
2004,6,28,56,72
2004,6,29,109,122
2004,6,30,21,23
2004,6,31,20,22
2004,6,32,31,35
2004,6,33,19,21
2004,6,34,64,66
2004,6,35,40,49
2004,6,36,126,139
2004,6,37,111,126
2004,6,38,10,10
2004,6,39,100,115
2004,6,40,74,91
2004,6,41,40,47
2004,6,42,105,118
2004,6,44,9,10
2004,6,45,82,84
2004,6,46,18,22
2004,6,47,106,119
2004,6,48,279,317
2004,6,49,27,31
2004,6,50,12,13
2004,6,51,71,81
2004,6,53,39,45
2004,6,54,40,45
2004,6,55,69,80
2004,6,56,10,11
2004,7,1,86,93
2004,7,2,10,11
2004,7,4,79,87
2004,7,5,63,67
2004,7,6,361,406
2004,7,8,69,79
2004,7,9,27,30
2004,7,10,10,11
2004,7,11,5,5
2004,7,12,206,241
2004,7,13,126,135
2004,7,15,13,13
2004,7,16,31,38
2004,7,17,106,116
2004,7,18,89,96
2004,7,19,39,42
2004,7,20,25,28
2004,7,21,70,77
2004,7,22,50,57
2004,7,23,23,28
2004,7,24,43,49
2004,7,25,39,39
2004,7,26,105,117
2004,7,27,55,56
2004,7,28,73,88
2004,7,29,88,97
2004,7,30,23,26
2004,7,31,20,21
2004,7,32,36,39
2004,7,33,18,18
2004,7,34,62,68
2004,7,35,41,49
2004,7,36,147,162
2004,7,37,134,152
2004,7,38,12,12
2004,7,39,108,119
2004,7,40,51,57
2004,7,41,41,52
2004,7,42,134,148
2004,7,44,8,9
2004,7,45,74,84
2004,7,46,25,32
2004,7,47,116,129
2004,7,48,255,285
2004,7,49,25,28
2004,7,50,10,11
2004,7,51,85,93
2004,7,53,60,71
2004,7,54,35,38
2004,7,55,76,81
2004,7,56,12,12
2004,8,1,112,121
2004,8,2,12,12
2004,8,4,91,114
2004,8,5,52,59
2004,8,6,357,396
2004,8,8,55,60
2004,8,9,23,24
2004,8,10,11,11
2004,8,11,3,3
2004,8,12,216,236
2004,8,13,137,154
2004,8,15,8,9
2004,8,16,27,30
2004,8,17,112,123
2004,8,18,84,96
2004,8,19,32,37
2004,8,20,41,47
2004,8,21,93,102
2004,8,22,77,86
2004,8,23,22,22
2004,8,24,59,63
2004,8,25,46,50
2004,8,26,111,123
2004,8,27,60,63
2004,8,28,55,63
2004,8,29,86,101
2004,8,30,22,26
2004,8,31,23,25
2004,8,32,30,32
2004,8,33,26,26
2004,8,34,65,67
2004,8,35,33,34
2004,8,36,121,133
2004,8,37,127,143
2004,8,38,9,9
2004,8,39,114,124
2004,8,40,55,62
2004,8,41,43,48
2004,8,42,138,145
2004,8,44,7,7
2004,8,45,83,92
2004,8,46,22,23
2004,8,47,105,118
2004,8,48,300,354
2004,8,49,33,40
2004,8,50,11,14
2004,8,51,84,87
2004,8,53,49,54
2004,8,54,32,34
2004,8,55,71,76
2004,8,56,18,25
2004,9,1,62,71
2004,9,2,12,14
2004,9,4,87,105
2004,9,5,52,59
2004,9,6,314,352
2004,9,8,50,52
2004,9,9,23,24
2004,9,10,7,7
2004,9,11,1,2
2004,9,12,203,225
2004,9,13,102,114
2004,9,15,8,8
2004,9,16,25,28
2004,9,17,120,127
2004,9,18,75,84
2004,9,19,39,41
2004,9,20,43,50
2004,9,21,80,88
2004,9,22,75,79
2004,9,23,14,15
2004,9,24,57,68
2004,9,25,32,32
2004,9,26,109,116
2004,9,27,43,47
2004,9,28,76,83
2004,9,29,98,104
2004,9,30,23,23
2004,9,31,20,20
2004,9,32,31,33
2004,9,33,7,8
2004,9,34,64,69
2004,9,35,49,58
2004,9,36,125,143
2004,9,37,112,117
2004,9,38,8,8
2004,9,39,103,110
2004,9,40,64,71
2004,9,41,35,40
2004,9,42,112,116
2004,9,44,6,6
2004,9,45,62,69
2004,9,46,11,14
2004,9,47,92,102
2004,9,48,267,306
2004,9,49,27,31
2004,9,50,5,5
2004,9,51,63,68
2004,9,53,48,53
2004,9,54,41,43
2004,9,55,63,68
2004,9,56,9,10
2004,10,1,104,109
2004,10,2,5,5
2004,10,4,79,91
2004,10,5,51,76
2004,10,6,323,344
2004,10,8,51,58
2004,10,9,28,28
2004,10,10,15,15
2004,10,11,2,2
2004,10,12,266,292
2004,10,13,147,166
2004,10,15,12,12
2004,10,16,19,19
2004,10,17,101,110
2004,10,18,104,111
2004,10,19,34,39
2004,10,20,36,39
2004,10,21,75,86
2004,10,22,73,80
2004,10,23,12,15
2004,10,24,56,66
2004,10,25,41,46
2004,10,26,76,81
2004,10,27,38,46
2004,10,28,63,70
2004,10,29,80,90
2004,10,30,21,21
2004,10,31,22,27
2004,10,32,36,40
2004,10,33,19,24
2004,10,34,69,76
2004,10,35,43,50
2004,10,36,118,126
2004,10,37,147,163
2004,10,38,9,9
2004,10,39,95,106
2004,10,40,45,52
2004,10,41,44,49
2004,10,42,133,144
2004,10,44,9,9
2004,10,45,77,85
2004,10,46,14,19
2004,10,47,117,134
2004,10,48,295,339
2004,10,49,20,26
2004,10,50,9,9
2004,10,51,56,66
2004,10,53,39,45
2004,10,54,31,34
2004,10,55,76,80
2004,10,56,14,14
2004,11,1,82,94
2004,11,2,7,7
2004,11,4,91,99
2004,11,5,42,50
2004,11,6,267,298
2004,11,8,44,51
2004,11,9,31,33
2004,11,10,11,12
2004,11,11,2,2
2004,11,12,265,287
2004,11,13,110,124
2004,11,15,14,14
2004,11,16,25,27
2004,11,17,88,109
2004,11,18,72,82
2004,11,19,21,23
2004,11,20,43,49
2004,11,21,84,91
2004,11,22,65,72
2004,11,23,7,7
2004,11,24,42,43
2004,11,25,46,49
2004,11,26,115,123
2004,11,27,48,55
2004,11,28,61,68
2004,11,29,82,87
2004,11,30,15,19
2004,11,31,13,15
2004,11,32,34,36
2004,11,33,13,14
2004,11,34,55,58
2004,11,35,35,41
2004,11,36,104,108
2004,11,37,135,151
2004,11,38,10,12
2004,11,39,107,121
2004,11,40,36,42
2004,11,41,21,26
2004,11,42,106,113
2004,11,44,4,7
2004,11,45,88,106
2004,11,46,11,11
2004,11,47,98,107
2004,11,48,255,287
2004,11,49,20,25
2004,11,50,7,10
2004,11,51,77,87
2004,11,53,41,44
2004,11,54,30,32
2004,11,55,54,61
2004,11,56,11,12
2004,12,1,81,92
2004,12,2,9,10
2004,12,4,82,97
2004,12,5,55,63
2004,12,6,315,342
2004,12,8,33,36
2004,12,9,16,20
2004,12,10,16,18
2004,12,11,2,2
2004,12,12,293,319
2004,12,13,129,146
2004,12,15,15,15
2004,12,16,17,17
2004,12,17,113,122
2004,12,18,55,60
2004,12,19,38,43
2004,12,20,23,28
2004,12,21,63,72
2004,12,22,52,59
2004,12,23,16,16
2004,12,24,49,52
2004,12,25,30,30
2004,12,26,85,103
2004,12,27,53,54
2004,12,28,66,76
2004,12,29,80,87
2004,12,30,17,18
2004,12,31,23,24
2004,12,32,30,34
2004,12,33,12,13
2004,12,34,62,66
2004,12,35,36,45
2004,12,36,135,144
2004,12,37,126,133
2004,12,38,6,6
2004,12,39,90,102
2004,12,40,60,70
2004,12,41,32,37
2004,12,42,108,125
2004,12,44,6,6
2004,12,45,96,105
2004,12,46,14,17
2004,12,47,97,107
2004,12,48,283,325
2004,12,49,18,18
2004,12,50,6,9
2004,12,51,85,89
2004,12,53,37,37
2004,12,54,39,42
2004,12,55,69,75
2004,12,56,15,17
